"Date","Source","Site ID","POC","Daily Mean PM2.5 Concentration","UNITS","DAILY_AQI_VALUE","Site Name","DAILY_OBS_COUNT","PERCENT_COMPLETE","AQS_PARAMETER_CODE","AQS_PARAMETER_DESC","CBSA_CODE","CBSA_NAME","STATE_CODE","STATE","COUNTY_CODE","COUNTY","SITE_LATITUDE","SITE_LONGITUDE"
"01/01/2019","AQS","040139997","3","19.9","ug/m3 LC","67","JLG SUPERSITE","1","100.0000","88101","PM2.5 - Local Conditions","38060","Phoenix-Mesa-Scottsdale, AZ","04","Arizona","013","Maricopa","33.503833","-112.095767"
"01/02/2019","AQS","040139997","3","10.9","ug/m3 LC","45","JLG SUPERSITE","1","100.0000","88101","PM2.5 - Local Conditions","38060","Phoenix-Mesa-Scottsdale, AZ","04","Arizona","013","Maricopa","33.503833","-112.095767"
"01/03/2019","AQS","040139997","3","20.9","ug/m3 LC","70","JLG SUPERSITE","1","100.0000","88101","PM2.5 - Local Conditions","38060","Phoenix-Mesa-Scottsdale, AZ","04","Arizona","013","Maricopa","33.503833","-112.095767"
"01/04/2019","AQS","040139997","3","19.6","ug/m3 LC","67","JLG SUPERSITE","1","100.0000","88101","PM2.5 - Local Conditions","38060","Phoenix-Mesa-Scottsdale, AZ","04","Arizona","013","Maricopa","33.503833","-112.095767"
"01/05/2019","AQS","040139997","3","13.5","ug/m3 LC","54","JLG SUPERSITE","1","100.0000","88101","PM2.5 - Local Conditions","38060","Phoenix-Mesa-Scottsdale, AZ","04","Arizona","013","Maricopa","33.503833","-112.095767"
"01/06/2019","AQS","040139997","3","12.8","ug/m3 LC","52","JLG SUPERSITE","1","100.0000","88101","PM2.5 - Local Conditions","38060","Phoenix-Mesa-Scottsdale, AZ","04","Arizona","013","Maricopa","33.503833","-112.095767"
"01/07/2019","AQS","040139997","3","13.6","ug/m3 LC","54","JLG SUPERSITE","1","100.0000","88101","PM2.5 - Local Conditions","38060","Phoenix-Mesa-Scottsdale, AZ","04","Arizona","013","Maricopa","33.503833","-112.095767"
"01/08/2019","AQS","040139997","3","17.3","ug/m3 LC","62","JLG SUPERSITE","1","100.0000","88101","PM2.5 - Local Conditions","38060","Phoenix-Mesa-Scottsdale, AZ","04","Arizona","013","Maricopa","33.503833","-112.095767"
"01/09/2019","AQS","040139997","3","11","ug/m3 LC","46","JLG SUPERSITE","1","100.0000","88101","PM2.5 - Local Conditions","38060","Phoenix-Mesa-Scottsdale, AZ","04","Arizona","013","Maricopa","33.503833","-112.095767"
"01/10/2019","AQS","040139997","3","12.1","ug/m3 LC","51","JLG SUPERSITE","1","100.0000","88101","PM2.5 - Local Conditions","38060","Phoenix-Mesa-Scottsdale, AZ","04","Arizona","013","Maricopa","33.503833","-112.095767"
"01/11/2019","AQS","040139997","3","16.2","ug/m3 LC","60","JLG SUPERSITE","1","100.0000","88101","PM2.5 - Local Conditions","38060","Phoenix-Mesa-Scottsdale, AZ","04","Arizona","013","Maricopa","33.503833","-112.095767"
"01/12/2019","AQS","040139997","3","15.5","ug/m3 LC","58","JLG SUPERSITE","1","100.0000","88101","PM2.5 - Local Conditions","38060","Phoenix-Mesa-Scottsdale, AZ","04","Arizona","013","Maricopa","33.503833","-112.095767"
"01/13/2019","AQS","040139997","3","11.4","ug/m3 LC","48","JLG SUPERSITE","1","100.0000","88101","PM2.5 - Local Conditions","38060","Phoenix-Mesa-Scottsdale, AZ","04","Arizona","013","Maricopa","33.503833","-112.095767"
"01/14/2019","AQS","040139997","3","10.3","ug/m3 LC","43","JLG SUPERSITE","1","100.0000","88101","PM2.5 - Local Conditions","38060","Phoenix-Mesa-Scottsdale, AZ","04","Arizona","013","Maricopa","33.503833","-112.095767"
"01/15/2019","AQS","040139997","3","6.1","ug/m3 LC","25","JLG SUPERSITE","1","100.0000","88101","PM2.5 - Local Conditions","38060","Phoenix-Mesa-Scottsdale, AZ","04","Arizona","013","Maricopa","33.503833","-112.095767"
"01/16/2019","AQS","040139997","3","9","ug/m3 LC","38","JLG SUPERSITE","1","100.0000","88101","PM2.5 - Local Conditions","38060","Phoenix-Mesa-Scottsdale, AZ","04","Arizona","013","Maricopa","33.503833","-112.095767"
"01/17/2019","AQS","040139997","3","9.9","ug/m3 LC","41","JLG SUPERSITE","1","100.0000","88101","PM2.5 - Local Conditions","38060","Phoenix-Mesa-Scottsdale, AZ","04","Arizona","013","Maricopa","33.503833","-112.095767"
"01/18/2019","AQS","040139997","3","9.2","ug/m3 LC","38","JLG SUPERSITE","1","100.0000","88101","PM2.5 - Local Conditions","38060","Phoenix-Mesa-Scottsdale, AZ","04","Arizona","013","Maricopa","33.503833","-112.095767"
"01/19/2019","AQS","040139997","3","12.6","ug/m3 LC","52","JLG SUPERSITE","1","100.0000","88101","PM2.5 - Local Conditions","38060","Phoenix-Mesa-Scottsdale, AZ","04","Arizona","013","Maricopa","33.503833","-112.095767"
"01/20/2019","AQS","040139997","3","15.5","ug/m3 LC","58","JLG SUPERSITE","1","100.0000","88101","PM2.5 - Local Conditions","38060","Phoenix-Mesa-Scottsdale, AZ","04","Arizona","013","Maricopa","33.503833","-112.095767"
"01/21/2019","AQS","040139997","3","7.1","ug/m3 LC","30","JLG SUPERSITE","1","100.0000","88101","PM2.5 - Local Conditions","38060","Phoenix-Mesa-Scottsdale, AZ","04","Arizona","013","Maricopa","33.503833","-112.095767"
"01/22/2019","AQS","040139997","3","3.5","ug/m3 LC","15","JLG SUPERSITE","1","100.0000","88101","PM2.5 - Local Conditions","38060","Phoenix-Mesa-Scottsdale, AZ","04","Arizona","013","Maricopa","33.503833","-112.095767"
"01/23/2019","AQS","040139997","3","8","ug/m3 LC","33","JLG SUPERSITE","1","100.0000","88101","PM2.5 - Local Conditions","38060","Phoenix-Mesa-Scottsdale, AZ","04","Arizona","013","Maricopa","33.503833","-112.095767"
"01/24/2019","AQS","040139997","3","10.8","ug/m3 LC","45","JLG SUPERSITE","1","100.0000","88101","PM2.5 - Local Conditions","38060","Phoenix-Mesa-Scottsdale, AZ","04","Arizona","013","Maricopa","33.503833","-112.095767"
"01/25/2019","AQS","040139997","3","12.5","ug/m3 LC","52","JLG SUPERSITE","1","100.0000","88101","PM2.5 - Local Conditions","38060","Phoenix-Mesa-Scottsdale, AZ","04","Arizona","013","Maricopa","33.503833","-112.095767"
"01/26/2019","AQS","040139997","3","14.4","ug/m3 LC","56","JLG SUPERSITE","1","100.0000","88101","PM2.5 - Local Conditions","38060","Phoenix-Mesa-Scottsdale, AZ","04","Arizona","013","Maricopa","33.503833","-112.095767"
"01/27/2019","AQS","040139997","3","16.2","ug/m3 LC","60","JLG SUPERSITE","1","100.0000","88101","PM2.5 - Local Conditions","38060","Phoenix-Mesa-Scottsdale, AZ","04","Arizona","013","Maricopa","33.503833","-112.095767"
"01/28/2019","AQS","040139997","3","12.3","ug/m3 LC","51","JLG SUPERSITE","1","100.0000","88101","PM2.5 - Local Conditions","38060","Phoenix-Mesa-Scottsdale, AZ","04","Arizona","013","Maricopa","33.503833","-112.095767"
"01/29/2019","AQS","040139997","3","13.2","ug/m3 LC","53","JLG SUPERSITE","1","100.0000","88101","PM2.5 - Local Conditions","38060","Phoenix-Mesa-Scottsdale, AZ","04","Arizona","013","Maricopa","33.503833","-112.095767"
"01/30/2019","AQS","040139997","3","10.1","ug/m3 LC","42","JLG SUPERSITE","1","100.0000","88101","PM2.5 - Local Conditions","38060","Phoenix-Mesa-Scottsdale, AZ","04","Arizona","013","Maricopa","33.503833","-112.095767"
"01/31/2019","AQS","040139997","3","10.2","ug/m3 LC","43","JLG SUPERSITE","1","100.0000","88101","PM2.5 - Local Conditions","38060","Phoenix-Mesa-Scottsdale, AZ","04","Arizona","013","Maricopa","33.503833","-112.095767"
"02/01/2019","AQS","040139997","3","10.4","ug/m3 LC","43","JLG SUPERSITE","1","100.0000","88101","PM2.5 - Local Conditions","38060","Phoenix-Mesa-Scottsdale, AZ","04","Arizona","013","Maricopa","33.503833","-112.095767"
"02/02/2019","AQS","040139997","3","7.8","ug/m3 LC","33","JLG SUPERSITE","1","100.0000","88101","PM2.5 - Local Conditions","38060","Phoenix-Mesa-Scottsdale, AZ","04","Arizona","013","Maricopa","33.503833","-112.095767"
"02/03/2019","AQS","040139997","3","5.6","ug/m3 LC","23","JLG SUPERSITE","1","100.0000","88101","PM2.5 - Local Conditions","38060","Phoenix-Mesa-Scottsdale, AZ","04","Arizona","013","Maricopa","33.503833","-112.095767"
"02/04/2019","AQS","040139997","3","6.3","ug/m3 LC","26","JLG SUPERSITE","1","100.0000","88101","PM2.5 - Local Conditions","38060","Phoenix-Mesa-Scottsdale, AZ","04","Arizona","013","Maricopa","33.503833","-112.095767"
"02/05/2019","AQS","040139997","3","3.8","ug/m3 LC","16","JLG SUPERSITE","1","100.0000","88101","PM2.5 - Local Conditions","38060","Phoenix-Mesa-Scottsdale, AZ","04","Arizona","013","Maricopa","33.503833","-112.095767"
"02/06/2019","AQS","040139997","3","1.9","ug/m3 LC","8","JLG SUPERSITE","1","100.0000","88101","PM2.5 - Local Conditions","38060","Phoenix-Mesa-Scottsdale, AZ","04","Arizona","013","Maricopa","33.503833","-112.095767"
"02/07/2019","AQS","040139997","3","5.7","ug/m3 LC","24","JLG SUPERSITE","1","100.0000","88101","PM2.5 - Local Conditions","38060","Phoenix-Mesa-Scottsdale, AZ","04","Arizona","013","Maricopa","33.503833","-112.095767"
"02/08/2019","AQS","040139997","3","12.9","ug/m3 LC","53","JLG SUPERSITE","1","100.0000","88101","PM2.5 - Local Conditions","38060","Phoenix-Mesa-Scottsdale, AZ","04","Arizona","013","Maricopa","33.503833","-112.095767"
"02/09/2019","AQS","040139997","3","15.4","ug/m3 LC","58","JLG SUPERSITE","1","100.0000","88101","PM2.5 - Local Conditions","38060","Phoenix-Mesa-Scottsdale, AZ","04","Arizona","013","Maricopa","33.503833","-112.095767"
"02/10/2019","AQS","040139997","3","20","ug/m3 LC","68","JLG SUPERSITE","1","100.0000","88101","PM2.5 - Local Conditions","38060","Phoenix-Mesa-Scottsdale, AZ","04","Arizona","013","Maricopa","33.503833","-112.095767"
"02/11/2019","AQS","040139997","3","6.1","ug/m3 LC","25","JLG SUPERSITE","1","100.0000","88101","PM2.5 - Local Conditions","38060","Phoenix-Mesa-Scottsdale, AZ","04","Arizona","013","Maricopa","33.503833","-112.095767"
"02/12/2019","AQS","040139997","3","10.7","ug/m3 LC","45","JLG SUPERSITE","1","100.0000","88101","PM2.5 - Local Conditions","38060","Phoenix-Mesa-Scottsdale, AZ","04","Arizona","013","Maricopa","33.503833","-112.095767"
"02/13/2019","AQS","040139997","3","10.3","ug/m3 LC","43","JLG SUPERSITE","1","100.0000","88101","PM2.5 - Local Conditions","38060","Phoenix-Mesa-Scottsdale, AZ","04","Arizona","013","Maricopa","33.503833","-112.095767"
"02/14/2019","AQS","040139997","3","8.6","ug/m3 LC","36","JLG SUPERSITE","1","100.0000","88101","PM2.5 - Local Conditions","38060","Phoenix-Mesa-Scottsdale, AZ","04","Arizona","013","Maricopa","33.503833","-112.095767"
"02/15/2019","AQS","040139997","3","8.7","ug/m3 LC","36","JLG SUPERSITE","1","100.0000","88101","PM2.5 - Local Conditions","38060","Phoenix-Mesa-Scottsdale, AZ","04","Arizona","013","Maricopa","33.503833","-112.095767"
"02/16/2019","AQS","040139997","3","4.6","ug/m3 LC","19","JLG SUPERSITE","1","100.0000","88101","PM2.5 - Local Conditions","38060","Phoenix-Mesa-Scottsdale, AZ","04","Arizona","013","Maricopa","33.503833","-112.095767"
"02/17/2019","AQS","040139997","3","8.5","ug/m3 LC","35","JLG SUPERSITE","1","100.0000","88101","PM2.5 - Local Conditions","38060","Phoenix-Mesa-Scottsdale, AZ","04","Arizona","013","Maricopa","33.503833","-112.095767"
"02/18/2019","AQS","040139997","3","3","ug/m3 LC","13","JLG SUPERSITE","1","100.0000","88101","PM2.5 - Local Conditions","38060","Phoenix-Mesa-Scottsdale, AZ","04","Arizona","013","Maricopa","33.503833","-112.095767"
"02/19/2019","AQS","040139997","3","5.1","ug/m3 LC","21","JLG SUPERSITE","1","100.0000","88101","PM2.5 - Local Conditions","38060","Phoenix-Mesa-Scottsdale, AZ","04","Arizona","013","Maricopa","33.503833","-112.095767"
"02/20/2019","AQS","040139997","3","4.7","ug/m3 LC","20","JLG SUPERSITE","1","100.0000","88101","PM2.5 - Local Conditions","38060","Phoenix-Mesa-Scottsdale, AZ","04","Arizona","013","Maricopa","33.503833","-112.095767"
"02/21/2019","AQS","040139997","3","2.9","ug/m3 LC","12","JLG SUPERSITE","1","100.0000","88101","PM2.5 - Local Conditions","38060","Phoenix-Mesa-Scottsdale, AZ","04","Arizona","013","Maricopa","33.503833","-112.095767"
"02/22/2019","AQS","040139997","3","5.3","ug/m3 LC","22","JLG SUPERSITE","1","100.0000","88101","PM2.5 - Local Conditions","38060","Phoenix-Mesa-Scottsdale, AZ","04","Arizona","013","Maricopa","33.503833","-112.095767"
"02/23/2019","AQS","040139997","3","9.5","ug/m3 LC","40","JLG SUPERSITE","1","100.0000","88101","PM2.5 - Local Conditions","38060","Phoenix-Mesa-Scottsdale, AZ","04","Arizona","013","Maricopa","33.503833","-112.095767"
"02/24/2019","AQS","040139997","3","9.5","ug/m3 LC","40","JLG SUPERSITE","1","100.0000","88101","PM2.5 - Local Conditions","38060","Phoenix-Mesa-Scottsdale, AZ","04","Arizona","013","Maricopa","33.503833","-112.095767"
"02/25/2019","AQS","040139997","3","15.4","ug/m3 LC","58","JLG SUPERSITE","1","100.0000","88101","PM2.5 - Local Conditions","38060","Phoenix-Mesa-Scottsdale, AZ","04","Arizona","013","Maricopa","33.503833","-112.095767"
"02/26/2019","AQS","040139997","3","12.4","ug/m3 LC","52","JLG SUPERSITE","1","100.0000","88101","PM2.5 - Local Conditions","38060","Phoenix-Mesa-Scottsdale, AZ","04","Arizona","013","Maricopa","33.503833","-112.095767"
"02/27/2019","AQS","040139997","3","10.9","ug/m3 LC","45","JLG SUPERSITE","1","100.0000","88101","PM2.5 - Local Conditions","38060","Phoenix-Mesa-Scottsdale, AZ","04","Arizona","013","Maricopa","33.503833","-112.095767"
"02/28/2019","AQS","040139997","3","11.2","ug/m3 LC","47","JLG SUPERSITE","1","100.0000","88101","PM2.5 - Local Conditions","38060","Phoenix-Mesa-Scottsdale, AZ","04","Arizona","013","Maricopa","33.503833","-112.095767"
"03/01/2019","AQS","040139997","3","9.2","ug/m3 LC","38","JLG SUPERSITE","1","100.0000","88101","PM2.5 - Local Conditions","38060","Phoenix-Mesa-Scottsdale, AZ","04","Arizona","013","Maricopa","33.503833","-112.095767"
"03/02/2019","AQS","040139997","3","8.5","ug/m3 LC","35","JLG SUPERSITE","1","100.0000","88101","PM2.5 - Local Conditions","38060","Phoenix-Mesa-Scottsdale, AZ","04","Arizona","013","Maricopa","33.503833","-112.095767"
"03/03/2019","AQS","040139997","3","6.8","ug/m3 LC","28","JLG SUPERSITE","1","100.0000","88101","PM2.5 - Local Conditions","38060","Phoenix-Mesa-Scottsdale, AZ","04","Arizona","013","Maricopa","33.503833","-112.095767"
"03/04/2019","AQS","040139997","3","7.2","ug/m3 LC","30","JLG SUPERSITE","1","100.0000","88101","PM2.5 - Local Conditions","38060","Phoenix-Mesa-Scottsdale, AZ","04","Arizona","013","Maricopa","33.503833","-112.095767"
"03/05/2019","AQS","040139997","3","9.5","ug/m3 LC","40","JLG SUPERSITE","1","100.0000","88101","PM2.5 - Local Conditions","38060","Phoenix-Mesa-Scottsdale, AZ","04","Arizona","013","Maricopa","33.503833","-112.095767"
"03/06/2019","AQS","040139997","3","5.9","ug/m3 LC","25","JLG SUPERSITE","1","100.0000","88101","PM2.5 - Local Conditions","38060","Phoenix-Mesa-Scottsdale, AZ","04","Arizona","013","Maricopa","33.503833","-112.095767"
"03/07/2019","AQS","040139997","3","5.6","ug/m3 LC","23","JLG SUPERSITE","1","100.0000","88101","PM2.5 - Local Conditions","38060","Phoenix-Mesa-Scottsdale, AZ","04","Arizona","013","Maricopa","33.503833","-112.095767"
"03/08/2019","AQS","040139997","3","5","ug/m3 LC","21","JLG SUPERSITE","1","100.0000","88101","PM2.5 - Local Conditions","38060","Phoenix-Mesa-Scottsdale, AZ","04","Arizona","013","Maricopa","33.503833","-112.095767"
"03/09/2019","AQS","040139997","3","8.1","ug/m3 LC","34","JLG SUPERSITE","1","100.0000","88101","PM2.5 - Local Conditions","38060","Phoenix-Mesa-Scottsdale, AZ","04","Arizona","013","Maricopa","33.503833","-112.095767"
"03/10/2019","AQS","040139997","3","8","ug/m3 LC","33","JLG SUPERSITE","1","100.0000","88101","PM2.5 - Local Conditions","38060","Phoenix-Mesa-Scottsdale, AZ","04","Arizona","013","Maricopa","33.503833","-112.095767"
"03/11/2019","AQS","040139997","3","5.1","ug/m3 LC","21","JLG SUPERSITE","1","100.0000","88101","PM2.5 - Local Conditions","38060","Phoenix-Mesa-Scottsdale, AZ","04","Arizona","013","Maricopa","33.503833","-112.095767"
"03/12/2019","AQS","040139997","3","4.9","ug/m3 LC","20","JLG SUPERSITE","1","100.0000","88101","PM2.5 - Local Conditions","38060","Phoenix-Mesa-Scottsdale, AZ","04","Arizona","013","Maricopa","33.503833","-112.095767"
"03/13/2019","AQS","040139997","3","3.7","ug/m3 LC","15","JLG SUPERSITE","1","100.0000","88101","PM2.5 - Local Conditions","38060","Phoenix-Mesa-Scottsdale, AZ","04","Arizona","013","Maricopa","33.503833","-112.095767"
"03/14/2019","AQS","040139997","3","5","ug/m3 LC","21","JLG SUPERSITE","1","100.0000","88101","PM2.5 - Local Conditions","38060","Phoenix-Mesa-Scottsdale, AZ","04","Arizona","013","Maricopa","33.503833","-112.095767"
"03/15/2019","AQS","040139997","3","4.4","ug/m3 LC","18","JLG SUPERSITE","1","100.0000","88101","PM2.5 - Local Conditions","38060","Phoenix-Mesa-Scottsdale, AZ","04","Arizona","013","Maricopa","33.503833","-112.095767"
"03/16/2019","AQS","040139997","3","6","ug/m3 LC","25","JLG SUPERSITE","1","100.0000","88101","PM2.5 - Local Conditions","38060","Phoenix-Mesa-Scottsdale, AZ","04","Arizona","013","Maricopa","33.503833","-112.095767"
"03/17/2019","AQS","040139997","3","5","ug/m3 LC","21","JLG SUPERSITE","1","100.0000","88101","PM2.5 - Local Conditions","38060","Phoenix-Mesa-Scottsdale, AZ","04","Arizona","013","Maricopa","33.503833","-112.095767"
"03/18/2019","AQS","040139997","3","7.6","ug/m3 LC","32","JLG SUPERSITE","1","100.0000","88101","PM2.5 - Local Conditions","38060","Phoenix-Mesa-Scottsdale, AZ","04","Arizona","013","Maricopa","33.503833","-112.095767"
"03/19/2019","AQS","040139997","3","8.8","ug/m3 LC","37","JLG SUPERSITE","1","100.0000","88101","PM2.5 - Local Conditions","38060","Phoenix-Mesa-Scottsdale, AZ","04","Arizona","013","Maricopa","33.503833","-112.095767"
"03/20/2019","AQS","040139997","3","5.8","ug/m3 LC","24","JLG SUPERSITE","1","100.0000","88101","PM2.5 - Local Conditions","38060","Phoenix-Mesa-Scottsdale, AZ","04","Arizona","013","Maricopa","33.503833","-112.095767"
"03/21/2019","AQS","040139997","3","5.4","ug/m3 LC","23","JLG SUPERSITE","1","100.0000","88101","PM2.5 - Local Conditions","38060","Phoenix-Mesa-Scottsdale, AZ","04","Arizona","013","Maricopa","33.503833","-112.095767"
"03/22/2019","AQS","040139997","3","5.8","ug/m3 LC","24","JLG SUPERSITE","1","100.0000","88101","PM2.5 - Local Conditions","38060","Phoenix-Mesa-Scottsdale, AZ","04","Arizona","013","Maricopa","33.503833","-112.095767"
"03/23/2019","AQS","040139997","3","8","ug/m3 LC","33","JLG SUPERSITE","1","100.0000","88101","PM2.5 - Local Conditions","38060","Phoenix-Mesa-Scottsdale, AZ","04","Arizona","013","Maricopa","33.503833","-112.095767"
"03/24/2019","AQS","040139997","3","8.9","ug/m3 LC","37","JLG SUPERSITE","1","100.0000","88101","PM2.5 - Local Conditions","38060","Phoenix-Mesa-Scottsdale, AZ","04","Arizona","013","Maricopa","33.503833","-112.095767"
"03/25/2019","AQS","040139997","3","11","ug/m3 LC","46","JLG SUPERSITE","1","100.0000","88101","PM2.5 - Local Conditions","38060","Phoenix-Mesa-Scottsdale, AZ","04","Arizona","013","Maricopa","33.503833","-112.095767"
"03/26/2019","AQS","040139997","3","10.4","ug/m3 LC","43","JLG SUPERSITE","1","100.0000","88101","PM2.5 - Local Conditions","38060","Phoenix-Mesa-Scottsdale, AZ","04","Arizona","013","Maricopa","33.503833","-112.095767"
"03/27/2019","AQS","040139997","3","13.7","ug/m3 LC","54","JLG SUPERSITE","1","100.0000","88101","PM2.5 - Local Conditions","38060","Phoenix-Mesa-Scottsdale, AZ","04","Arizona","013","Maricopa","33.503833","-112.095767"
"03/28/2019","AQS","040139997","3","12","ug/m3 LC","50","JLG SUPERSITE","1","100.0000","88101","PM2.5 - Local Conditions","38060","Phoenix-Mesa-Scottsdale, AZ","04","Arizona","013","Maricopa","33.503833","-112.095767"
"03/29/2019","AQS","040139997","3","7.7","ug/m3 LC","32","JLG SUPERSITE","1","100.0000","88101","PM2.5 - Local Conditions","38060","Phoenix-Mesa-Scottsdale, AZ","04","Arizona","013","Maricopa","33.503833","-112.095767"
"03/30/2019","AQS","040139997","3","7.8","ug/m3 LC","33","JLG SUPERSITE","1","100.0000","88101","PM2.5 - Local Conditions","38060","Phoenix-Mesa-Scottsdale, AZ","04","Arizona","013","Maricopa","33.503833","-112.095767"
"03/31/2019","AQS","040139997","3","6.9","ug/m3 LC","29","JLG SUPERSITE","1","100.0000","88101","PM2.5 - Local Conditions","38060","Phoenix-Mesa-Scottsdale, AZ","04","Arizona","013","Maricopa","33.503833","-112.095767"
"04/01/2019","AQS","040139997","3","5.3","ug/m3 LC","22","JLG SUPERSITE","1","100.0000","88101","PM2.5 - Local Conditions","38060","Phoenix-Mesa-Scottsdale, AZ","04","Arizona","013","Maricopa","33.503833","-112.095767"
"04/02/2019","AQS","040139997","3","4.4","ug/m3 LC","18","JLG SUPERSITE","1","100.0000","88101","PM2.5 - Local Conditions","38060","Phoenix-Mesa-Scottsdale, AZ","04","Arizona","013","Maricopa","33.503833","-112.095767"
"04/03/2019","AQS","040139997","3","4.4","ug/m3 LC","18","JLG SUPERSITE","1","100.0000","88101","PM2.5 - Local Conditions","38060","Phoenix-Mesa-Scottsdale, AZ","04","Arizona","013","Maricopa","33.503833","-112.095767"
"04/04/2019","AQS","040139997","3","6.9","ug/m3 LC","29","JLG SUPERSITE","1","100.0000","88101","PM2.5 - Local Conditions","38060","Phoenix-Mesa-Scottsdale, AZ","04","Arizona","013","Maricopa","33.503833","-112.095767"
"04/05/2019","AQS","040139997","3","5.9","ug/m3 LC","25","JLG SUPERSITE","1","100.0000","88101","PM2.5 - Local Conditions","38060","Phoenix-Mesa-Scottsdale, AZ","04","Arizona","013","Maricopa","33.503833","-112.095767"
"04/06/2019","AQS","040139997","3","5.5","ug/m3 LC","23","JLG SUPERSITE","1","100.0000","88101","PM2.5 - Local Conditions","38060","Phoenix-Mesa-Scottsdale, AZ","04","Arizona","013","Maricopa","33.503833","-112.095767"
"04/07/2019","AQS","040139997","3","6.9","ug/m3 LC","29","JLG SUPERSITE","1","100.0000","88101","PM2.5 - Local Conditions","38060","Phoenix-Mesa-Scottsdale, AZ","04","Arizona","013","Maricopa","33.503833","-112.095767"
"04/08/2019","AQS","040139997","3","7.6","ug/m3 LC","32","JLG SUPERSITE","1","100.0000","88101","PM2.5 - Local Conditions","38060","Phoenix-Mesa-Scottsdale, AZ","04","Arizona","013","Maricopa","33.503833","-112.095767"
"04/09/2019","AQS","040139997","3","8","ug/m3 LC","33","JLG SUPERSITE","1","100.0000","88101","PM2.5 - Local Conditions","38060","Phoenix-Mesa-Scottsdale, AZ","04","Arizona","013","Maricopa","33.503833","-112.095767"
"04/10/2019","AQS","040139997","3","9.5","ug/m3 LC","40","JLG SUPERSITE","1","100.0000","88101","PM2.5 - Local Conditions","38060","Phoenix-Mesa-Scottsdale, AZ","04","Arizona","013","Maricopa","33.503833","-112.095767"
"04/11/2019","AQS","040139997","3","2.9","ug/m3 LC","12","JLG SUPERSITE","1","100.0000","88101","PM2.5 - Local Conditions","38060","Phoenix-Mesa-Scottsdale, AZ","04","Arizona","013","Maricopa","33.503833","-112.095767"
"04/12/2019","AQS","040139997","3","4.2","ug/m3 LC","18","JLG SUPERSITE","1","100.0000","88101","PM2.5 - Local Conditions","38060","Phoenix-Mesa-Scottsdale, AZ","04","Arizona","013","Maricopa","33.503833","-112.095767"
"04/13/2019","AQS","040139997","3","8.2","ug/m3 LC","34","JLG SUPERSITE","1","100.0000","88101","PM2.5 - Local Conditions","38060","Phoenix-Mesa-Scottsdale, AZ","04","Arizona","013","Maricopa","33.503833","-112.095767"
"04/14/2019","AQS","040139997","3","9.5","ug/m3 LC","40","JLG SUPERSITE","1","100.0000","88101","PM2.5 - Local Conditions","38060","Phoenix-Mesa-Scottsdale, AZ","04","Arizona","013","Maricopa","33.503833","-112.095767"
"04/15/2019","AQS","040139997","3","7.5","ug/m3 LC","31","JLG SUPERSITE","1","100.0000","88101","PM2.5 - Local Conditions","38060","Phoenix-Mesa-Scottsdale, AZ","04","Arizona","013","Maricopa","33.503833","-112.095767"
"04/16/2019","AQS","040139997","3","6.8","ug/m3 LC","28","JLG SUPERSITE","1","100.0000","88101","PM2.5 - Local Conditions","38060","Phoenix-Mesa-Scottsdale, AZ","04","Arizona","013","Maricopa","33.503833","-112.095767"
"04/17/2019","AQS","040139997","3","6","ug/m3 LC","25","JLG SUPERSITE","1","100.0000","88101","PM2.5 - Local Conditions","38060","Phoenix-Mesa-Scottsdale, AZ","04","Arizona","013","Maricopa","33.503833","-112.095767"
"04/18/2019","AQS","040139997","3","6.4","ug/m3 LC","27","JLG SUPERSITE","1","100.0000","88101","PM2.5 - Local Conditions","38060","Phoenix-Mesa-Scottsdale, AZ","04","Arizona","013","Maricopa","33.503833","-112.095767"
"04/19/2019","AQS","040139997","3","7.6","ug/m3 LC","32","JLG SUPERSITE","1","100.0000","88101","PM2.5 - Local Conditions","38060","Phoenix-Mesa-Scottsdale, AZ","04","Arizona","013","Maricopa","33.503833","-112.095767"
"04/20/2019","AQS","040139997","3","7.3","ug/m3 LC","30","JLG SUPERSITE","1","100.0000","88101","PM2.5 - Local Conditions","38060","Phoenix-Mesa-Scottsdale, AZ","04","Arizona","013","Maricopa","33.503833","-112.095767"
"04/21/2019","AQS","040139997","3","4.2","ug/m3 LC","18","JLG SUPERSITE","1","100.0000","88101","PM2.5 - Local Conditions","38060","Phoenix-Mesa-Scottsdale, AZ","04","Arizona","013","Maricopa","33.503833","-112.095767"
"04/22/2019","AQS","040139997","3","5.9","ug/m3 LC","25","JLG SUPERSITE","1","100.0000","88101","PM2.5 - Local Conditions","38060","Phoenix-Mesa-Scottsdale, AZ","04","Arizona","013","Maricopa","33.503833","-112.095767"
"04/23/2019","AQS","040139997","3","6.8","ug/m3 LC","28","JLG SUPERSITE","1","100.0000","88101","PM2.5 - Local Conditions","38060","Phoenix-Mesa-Scottsdale, AZ","04","Arizona","013","Maricopa","33.503833","-112.095767"
"04/24/2019","AQS","040139997","3","4.7","ug/m3 LC","20","JLG SUPERSITE","1","100.0000","88101","PM2.5 - Local Conditions","38060","Phoenix-Mesa-Scottsdale, AZ","04","Arizona","013","Maricopa","33.503833","-112.095767"
"04/25/2019","AQS","040139997","3","7.6","ug/m3 LC","32","JLG SUPERSITE","1","100.0000","88101","PM2.5 - Local Conditions","38060","Phoenix-Mesa-Scottsdale, AZ","04","Arizona","013","Maricopa","33.503833","-112.095767"
"04/26/2019","AQS","040139997","3","5.5","ug/m3 LC","23","JLG SUPERSITE","1","100.0000","88101","PM2.5 - Local Conditions","38060","Phoenix-Mesa-Scottsdale, AZ","04","Arizona","013","Maricopa","33.503833","-112.095767"
"04/27/2019","AQS","040139997","3","4.5","ug/m3 LC","19","JLG SUPERSITE","1","100.0000","88101","PM2.5 - Local Conditions","38060","Phoenix-Mesa-Scottsdale, AZ","04","Arizona","013","Maricopa","33.503833","-112.095767"
"04/28/2019","AQS","040139997","3","3.5","ug/m3 LC","15","JLG SUPERSITE","1","100.0000","88101","PM2.5 - Local Conditions","38060","Phoenix-Mesa-Scottsdale, AZ","04","Arizona","013","Maricopa","33.503833","-112.095767"
"04/29/2019","AQS","040139997","3","4.5","ug/m3 LC","19","JLG SUPERSITE","1","100.0000","88101","PM2.5 - Local Conditions","38060","Phoenix-Mesa-Scottsdale, AZ","04","Arizona","013","Maricopa","33.503833","-112.095767"
"04/30/2019","AQS","040139997","3","5.7","ug/m3 LC","24","JLG SUPERSITE","1","100.0000","88101","PM2.5 - Local Conditions","38060","Phoenix-Mesa-Scottsdale, AZ","04","Arizona","013","Maricopa","33.503833","-112.095767"
"05/01/2019","AQS","040139997","3","5.4","ug/m3 LC","23","JLG SUPERSITE","1","100.0000","88101","PM2.5 - Local Conditions","38060","Phoenix-Mesa-Scottsdale, AZ","04","Arizona","013","Maricopa","33.503833","-112.095767"
"05/02/2019","AQS","040139997","3","6","ug/m3 LC","25","JLG SUPERSITE","1","100.0000","88101","PM2.5 - Local Conditions","38060","Phoenix-Mesa-Scottsdale, AZ","04","Arizona","013","Maricopa","33.503833","-112.095767"
"05/03/2019","AQS","040139997","3","7.6","ug/m3 LC","32","JLG SUPERSITE","1","100.0000","88101","PM2.5 - Local Conditions","38060","Phoenix-Mesa-Scottsdale, AZ","04","Arizona","013","Maricopa","33.503833","-112.095767"
"05/04/2019","AQS","040139997","3","7.5","ug/m3 LC","31","JLG SUPERSITE","1","100.0000","88101","PM2.5 - Local Conditions","38060","Phoenix-Mesa-Scottsdale, AZ","04","Arizona","013","Maricopa","33.503833","-112.095767"
"05/05/2019","AQS","040139997","3","5.7","ug/m3 LC","24","JLG SUPERSITE","1","100.0000","88101","PM2.5 - Local Conditions","38060","Phoenix-Mesa-Scottsdale, AZ","04","Arizona","013","Maricopa","33.503833","-112.095767"
"05/06/2019","AQS","040139997","3","6","ug/m3 LC","25","JLG SUPERSITE","1","100.0000","88101","PM2.5 - Local Conditions","38060","Phoenix-Mesa-Scottsdale, AZ","04","Arizona","013","Maricopa","33.503833","-112.095767"
"05/07/2019","AQS","040139997","3","8.3","ug/m3 LC","35","JLG SUPERSITE","1","100.0000","88101","PM2.5 - Local Conditions","38060","Phoenix-Mesa-Scottsdale, AZ","04","Arizona","013","Maricopa","33.503833","-112.095767"
"05/08/2019","AQS","040139997","3","6.8","ug/m3 LC","28","JLG SUPERSITE","1","100.0000","88101","PM2.5 - Local Conditions","38060","Phoenix-Mesa-Scottsdale, AZ","04","Arizona","013","Maricopa","33.503833","-112.095767"
"05/09/2019","AQS","040139997","3","4.9","ug/m3 LC","20","JLG SUPERSITE","1","100.0000","88101","PM2.5 - Local Conditions","38060","Phoenix-Mesa-Scottsdale, AZ","04","Arizona","013","Maricopa","33.503833","-112.095767"
"05/10/2019","AQS","040139997","3","5.2","ug/m3 LC","22","JLG SUPERSITE","1","100.0000","88101","PM2.5 - Local Conditions","38060","Phoenix-Mesa-Scottsdale, AZ","04","Arizona","013","Maricopa","33.503833","-112.095767"
"05/11/2019","AQS","040139997","3","4.1","ug/m3 LC","17","JLG SUPERSITE","1","100.0000","88101","PM2.5 - Local Conditions","38060","Phoenix-Mesa-Scottsdale, AZ","04","Arizona","013","Maricopa","33.503833","-112.095767"
"05/12/2019","AQS","040139997","3","4.1","ug/m3 LC","17","JLG SUPERSITE","1","100.0000","88101","PM2.5 - Local Conditions","38060","Phoenix-Mesa-Scottsdale, AZ","04","Arizona","013","Maricopa","33.503833","-112.095767"
"05/13/2019","AQS","040139997","3","4.6","ug/m3 LC","19","JLG SUPERSITE","1","100.0000","88101","PM2.5 - Local Conditions","38060","Phoenix-Mesa-Scottsdale, AZ","04","Arizona","013","Maricopa","33.503833","-112.095767"
"05/14/2019","AQS","040139997","3","7.2","ug/m3 LC","30","JLG SUPERSITE","1","100.0000","88101","PM2.5 - Local Conditions","38060","Phoenix-Mesa-Scottsdale, AZ","04","Arizona","013","Maricopa","33.503833","-112.095767"
"05/15/2019","AQS","040139997","3","5.4","ug/m3 LC","23","JLG SUPERSITE","1","100.0000","88101","PM2.5 - Local Conditions","38060","Phoenix-Mesa-Scottsdale, AZ","04","Arizona","013","Maricopa","33.503833","-112.095767"
"05/16/2019","AQS","040139997","3","6.5","ug/m3 LC","27","JLG SUPERSITE","1","100.0000","88101","PM2.5 - Local Conditions","38060","Phoenix-Mesa-Scottsdale, AZ","04","Arizona","013","Maricopa","33.503833","-112.095767"
"05/17/2019","AQS","040139997","3","6.5","ug/m3 LC","27","JLG SUPERSITE","1","100.0000","88101","PM2.5 - Local Conditions","38060","Phoenix-Mesa-Scottsdale, AZ","04","Arizona","013","Maricopa","33.503833","-112.095767"
"05/18/2019","AQS","040139997","3","5.2","ug/m3 LC","22","JLG SUPERSITE","1","100.0000","88101","PM2.5 - Local Conditions","38060","Phoenix-Mesa-Scottsdale, AZ","04","Arizona","013","Maricopa","33.503833","-112.095767"
"05/19/2019","AQS","040139997","3","4.7","ug/m3 LC","20","JLG SUPERSITE","1","100.0000","88101","PM2.5 - Local Conditions","38060","Phoenix-Mesa-Scottsdale, AZ","04","Arizona","013","Maricopa","33.503833","-112.095767"
"05/20/2019","AQS","040139997","3","3.4","ug/m3 LC","14","JLG SUPERSITE","1","100.0000","88101","PM2.5 - Local Conditions","38060","Phoenix-Mesa-Scottsdale, AZ","04","Arizona","013","Maricopa","33.503833","-112.095767"
"05/21/2019","AQS","040139997","3","5.4","ug/m3 LC","23","JLG SUPERSITE","1","100.0000","88101","PM2.5 - Local Conditions","38060","Phoenix-Mesa-Scottsdale, AZ","04","Arizona","013","Maricopa","33.503833","-112.095767"
"05/22/2019","AQS","040139997","3","6","ug/m3 LC","25","JLG SUPERSITE","1","100.0000","88101","PM2.5 - Local Conditions","38060","Phoenix-Mesa-Scottsdale, AZ","04","Arizona","013","Maricopa","33.503833","-112.095767"
"05/23/2019","AQS","040139997","3","4","ug/m3 LC","17","JLG SUPERSITE","1","100.0000","88101","PM2.5 - Local Conditions","38060","Phoenix-Mesa-Scottsdale, AZ","04","Arizona","013","Maricopa","33.503833","-112.095767"
"05/24/2019","AQS","040139997","3","4.9","ug/m3 LC","20","JLG SUPERSITE","1","100.0000","88101","PM2.5 - Local Conditions","38060","Phoenix-Mesa-Scottsdale, AZ","04","Arizona","013","Maricopa","33.503833","-112.095767"
"05/25/2019","AQS","040139997","3","3.7","ug/m3 LC","15","JLG SUPERSITE","1","100.0000","88101","PM2.5 - Local Conditions","38060","Phoenix-Mesa-Scottsdale, AZ","04","Arizona","013","Maricopa","33.503833","-112.095767"
"05/26/2019","AQS","040139997","3","4.6","ug/m3 LC","19","JLG SUPERSITE","1","100.0000","88101","PM2.5 - Local Conditions","38060","Phoenix-Mesa-Scottsdale, AZ","04","Arizona","013","Maricopa","33.503833","-112.095767"
"05/27/2019","AQS","040139997","3","5.5","ug/m3 LC","23","JLG SUPERSITE","1","100.0000","88101","PM2.5 - Local Conditions","38060","Phoenix-Mesa-Scottsdale, AZ","04","Arizona","013","Maricopa","33.503833","-112.095767"
"05/28/2019","AQS","040139997","3","4","ug/m3 LC","17","JLG SUPERSITE","1","100.0000","88101","PM2.5 - Local Conditions","38060","Phoenix-Mesa-Scottsdale, AZ","04","Arizona","013","Maricopa","33.503833","-112.095767"
"05/29/2019","AQS","040139997","3","5.6","ug/m3 LC","23","JLG SUPERSITE","1","100.0000","88101","PM2.5 - Local Conditions","38060","Phoenix-Mesa-Scottsdale, AZ","04","Arizona","013","Maricopa","33.503833","-112.095767"
"05/30/2019","AQS","040139997","3","7.2","ug/m3 LC","30","JLG SUPERSITE","1","100.0000","88101","PM2.5 - Local Conditions","38060","Phoenix-Mesa-Scottsdale, AZ","04","Arizona","013","Maricopa","33.503833","-112.095767"
"05/31/2019","AQS","040139997","3","6.2","ug/m3 LC","26","JLG SUPERSITE","1","100.0000","88101","PM2.5 - Local Conditions","38060","Phoenix-Mesa-Scottsdale, AZ","04","Arizona","013","Maricopa","33.503833","-112.095767"
"06/01/2019","AQS","040139997","3","6.7","ug/m3 LC","28","JLG SUPERSITE","1","100.0000","88101","PM2.5 - Local Conditions","38060","Phoenix-Mesa-Scottsdale, AZ","04","Arizona","013","Maricopa","33.503833","-112.095767"
"06/02/2019","AQS","040139997","3","10.1","ug/m3 LC","42","JLG SUPERSITE","1","100.0000","88101","PM2.5 - Local Conditions","38060","Phoenix-Mesa-Scottsdale, AZ","04","Arizona","013","Maricopa","33.503833","-112.095767"
"06/03/2019","AQS","040139997","3","7.6","ug/m3 LC","32","JLG SUPERSITE","1","100.0000","88101","PM2.5 - Local Conditions","38060","Phoenix-Mesa-Scottsdale, AZ","04","Arizona","013","Maricopa","33.503833","-112.095767"
"06/04/2019","AQS","040139997","3","5.9","ug/m3 LC","25","JLG SUPERSITE","1","100.0000","88101","PM2.5 - Local Conditions","38060","Phoenix-Mesa-Scottsdale, AZ","04","Arizona","013","Maricopa","33.503833","-112.095767"
"06/05/2019","AQS","040139997","3","7.5","ug/m3 LC","31","JLG SUPERSITE","1","100.0000","88101","PM2.5 - Local Conditions","38060","Phoenix-Mesa-Scottsdale, AZ","04","Arizona","013","Maricopa","33.503833","-112.095767"
"06/06/2019","AQS","040139997","3","7.3","ug/m3 LC","30","JLG SUPERSITE","1","100.0000","88101","PM2.5 - Local Conditions","38060","Phoenix-Mesa-Scottsdale, AZ","04","Arizona","013","Maricopa","33.503833","-112.095767"
"06/07/2019","AQS","040139997","3","8.2","ug/m3 LC","34","JLG SUPERSITE","1","100.0000","88101","PM2.5 - Local Conditions","38060","Phoenix-Mesa-Scottsdale, AZ","04","Arizona","013","Maricopa","33.503833","-112.095767"
"06/08/2019","AQS","040139997","3","5.8","ug/m3 LC","24","JLG SUPERSITE","1","100.0000","88101","PM2.5 - Local Conditions","38060","Phoenix-Mesa-Scottsdale, AZ","04","Arizona","013","Maricopa","33.503833","-112.095767"
"06/09/2019","AQS","040139997","3","8","ug/m3 LC","33","JLG SUPERSITE","1","100.0000","88101","PM2.5 - Local Conditions","38060","Phoenix-Mesa-Scottsdale, AZ","04","Arizona","013","Maricopa","33.503833","-112.095767"
"06/10/2019","AQS","040139997","3","7","ug/m3 LC","29","JLG SUPERSITE","1","100.0000","88101","PM2.5 - Local Conditions","38060","Phoenix-Mesa-Scottsdale, AZ","04","Arizona","013","Maricopa","33.503833","-112.095767"
"06/11/2019","AQS","040139997","3","5.7","ug/m3 LC","24","JLG SUPERSITE","1","100.0000","88101","PM2.5 - Local Conditions","38060","Phoenix-Mesa-Scottsdale, AZ","04","Arizona","013","Maricopa","33.503833","-112.095767"
"06/12/2019","AQS","040139997","3","7","ug/m3 LC","29","JLG SUPERSITE","1","100.0000","88101","PM2.5 - Local Conditions","38060","Phoenix-Mesa-Scottsdale, AZ","04","Arizona","013","Maricopa","33.503833","-112.095767"
"06/13/2019","AQS","040139997","3","9.5","ug/m3 LC","40","JLG SUPERSITE","1","100.0000","88101","PM2.5 - Local Conditions","38060","Phoenix-Mesa-Scottsdale, AZ","04","Arizona","013","Maricopa","33.503833","-112.095767"
"06/14/2019","AQS","040139997","3","6.1","ug/m3 LC","25","JLG SUPERSITE","1","100.0000","88101","PM2.5 - Local Conditions","38060","Phoenix-Mesa-Scottsdale, AZ","04","Arizona","013","Maricopa","33.503833","-112.095767"
"06/15/2019","AQS","040139997","3","9.3","ug/m3 LC","39","JLG SUPERSITE","1","100.0000","88101","PM2.5 - Local Conditions","38060","Phoenix-Mesa-Scottsdale, AZ","04","Arizona","013","Maricopa","33.503833","-112.095767"
"06/16/2019","AQS","040139997","3","7.3","ug/m3 LC","30","JLG SUPERSITE","1","100.0000","88101","PM2.5 - Local Conditions","38060","Phoenix-Mesa-Scottsdale, AZ","04","Arizona","013","Maricopa","33.503833","-112.095767"
"06/17/2019","AQS","040139997","3","7.3","ug/m3 LC","30","JLG SUPERSITE","1","100.0000","88101","PM2.5 - Local Conditions","38060","Phoenix-Mesa-Scottsdale, AZ","04","Arizona","013","Maricopa","33.503833","-112.095767"
"06/18/2019","AQS","040139997","3","5.2","ug/m3 LC","22","JLG SUPERSITE","1","100.0000","88101","PM2.5 - Local Conditions","38060","Phoenix-Mesa-Scottsdale, AZ","04","Arizona","013","Maricopa","33.503833","-112.095767"
"06/19/2019","AQS","040139997","3","4.5","ug/m3 LC","19","JLG SUPERSITE","1","100.0000","88101","PM2.5 - Local Conditions","38060","Phoenix-Mesa-Scottsdale, AZ","04","Arizona","013","Maricopa","33.503833","-112.095767"
"06/20/2019","AQS","040139997","3","4.9","ug/m3 LC","20","JLG SUPERSITE","1","100.0000","88101","PM2.5 - Local Conditions","38060","Phoenix-Mesa-Scottsdale, AZ","04","Arizona","013","Maricopa","33.503833","-112.095767"
"06/21/2019","AQS","040139997","3","5.3","ug/m3 LC","22","JLG SUPERSITE","1","100.0000","88101","PM2.5 - Local Conditions","38060","Phoenix-Mesa-Scottsdale, AZ","04","Arizona","013","Maricopa","33.503833","-112.095767"
"06/22/2019","AQS","040139997","3","7.8","ug/m3 LC","33","JLG SUPERSITE","1","100.0000","88101","PM2.5 - Local Conditions","38060","Phoenix-Mesa-Scottsdale, AZ","04","Arizona","013","Maricopa","33.503833","-112.095767"
"06/23/2019","AQS","040139997","3","6.4","ug/m3 LC","27","JLG SUPERSITE","1","100.0000","88101","PM2.5 - Local Conditions","38060","Phoenix-Mesa-Scottsdale, AZ","04","Arizona","013","Maricopa","33.503833","-112.095767"
"06/24/2019","AQS","040139997","3","8.1","ug/m3 LC","34","JLG SUPERSITE","1","100.0000","88101","PM2.5 - Local Conditions","38060","Phoenix-Mesa-Scottsdale, AZ","04","Arizona","013","Maricopa","33.503833","-112.095767"
"06/25/2019","AQS","040139997","3","5.5","ug/m3 LC","23","JLG SUPERSITE","1","100.0000","88101","PM2.5 - Local Conditions","38060","Phoenix-Mesa-Scottsdale, AZ","04","Arizona","013","Maricopa","33.503833","-112.095767"
"06/26/2019","AQS","040139997","3","4.5","ug/m3 LC","19","JLG SUPERSITE","1","100.0000","88101","PM2.5 - Local Conditions","38060","Phoenix-Mesa-Scottsdale, AZ","04","Arizona","013","Maricopa","33.503833","-112.095767"
"06/27/2019","AQS","040139997","3","4.6","ug/m3 LC","19","JLG SUPERSITE","1","100.0000","88101","PM2.5 - Local Conditions","38060","Phoenix-Mesa-Scottsdale, AZ","04","Arizona","013","Maricopa","33.503833","-112.095767"
"06/28/2019","AirNow","040139997","3","4","ug/m3 LC","17","JLG SUPERSITE","1","100.0000","88101","PM2.5 - Local Conditions","38060","Phoenix-Mesa-Scottsdale, AZ","04","Arizona","013","Maricopa","33.503833","-112.095767"
"06/29/2019","AirNow","040139997","3","2.8","ug/m3 LC","12","JLG SUPERSITE","1","100.0000","88101","PM2.5 - Local Conditions","38060","Phoenix-Mesa-Scottsdale, AZ","04","Arizona","013","Maricopa","33.503833","-112.095767"
"06/30/2019","AirNow","040139997","3","3.5","ug/m3 LC","15","JLG SUPERSITE","1","100.0000","88101","PM2.5 - Local Conditions","38060","Phoenix-Mesa-Scottsdale, AZ","04","Arizona","013","Maricopa","33.503833","-112.095767"
"07/01/2019","AirNow","040139997","3","2.7","ug/m3 LC","11","JLG SUPERSITE","1","100.0000","88101","PM2.5 - Local Conditions","38060","Phoenix-Mesa-Scottsdale, AZ","04","Arizona","013","Maricopa","33.503833","-112.095767"
"07/02/2019","AirNow","040139997","3","3","ug/m3 LC","13","JLG SUPERSITE","1","100.0000","88101","PM2.5 - Local Conditions","38060","Phoenix-Mesa-Scottsdale, AZ","04","Arizona","013","Maricopa","33.503833","-112.095767"
"07/03/2019","AQS","040139997","3","5.8","ug/m3 LC","24","JLG SUPERSITE","1","100.0000","88101","PM2.5 - Local Conditions","38060","Phoenix-Mesa-Scottsdale, AZ","04","Arizona","013","Maricopa","33.503833","-112.095767"
"07/04/2019","AQS","040139997","3","9","ug/m3 LC","38","JLG SUPERSITE","1","100.0000","88101","PM2.5 - Local Conditions","38060","Phoenix-Mesa-Scottsdale, AZ","04","Arizona","013","Maricopa","33.503833","-112.095767"
"07/05/2019","AQS","040139997","3","8.7","ug/m3 LC","36","JLG SUPERSITE","1","100.0000","88101","PM2.5 - Local Conditions","38060","Phoenix-Mesa-Scottsdale, AZ","04","Arizona","013","Maricopa","33.503833","-112.095767"
"07/06/2019","AQS","040139997","3","6.3","ug/m3 LC","26","JLG SUPERSITE","1","100.0000","88101","PM2.5 - Local Conditions","38060","Phoenix-Mesa-Scottsdale, AZ","04","Arizona","013","Maricopa","33.503833","-112.095767"
"07/07/2019","AQS","040139997","3","5.5","ug/m3 LC","23","JLG SUPERSITE","1","100.0000","88101","PM2.5 - Local Conditions","38060","Phoenix-Mesa-Scottsdale, AZ","04","Arizona","013","Maricopa","33.503833","-112.095767"
"07/08/2019","AQS","040139997","3","4.5","ug/m3 LC","19","JLG SUPERSITE","1","100.0000","88101","PM2.5 - Local Conditions","38060","Phoenix-Mesa-Scottsdale, AZ","04","Arizona","013","Maricopa","33.503833","-112.095767"
"07/09/2019","AQS","040139997","3","7.4","ug/m3 LC","31","JLG SUPERSITE","1","100.0000","88101","PM2.5 - Local Conditions","38060","Phoenix-Mesa-Scottsdale, AZ","04","Arizona","013","Maricopa","33.503833","-112.095767"
"07/10/2019","AQS","040139997","3","8.3","ug/m3 LC","35","JLG SUPERSITE","1","100.0000","88101","PM2.5 - Local Conditions","38060","Phoenix-Mesa-Scottsdale, AZ","04","Arizona","013","Maricopa","33.503833","-112.095767"
"07/11/2019","AQS","040139997","3","8","ug/m3 LC","33","JLG SUPERSITE","1","100.0000","88101","PM2.5 - Local Conditions","38060","Phoenix-Mesa-Scottsdale, AZ","04","Arizona","013","Maricopa","33.503833","-112.095767"
"07/12/2019","AQS","040139997","3","8.8","ug/m3 LC","37","JLG SUPERSITE","1","100.0000","88101","PM2.5 - Local Conditions","38060","Phoenix-Mesa-Scottsdale, AZ","04","Arizona","013","Maricopa","33.503833","-112.095767"
"07/13/2019","AQS","040139997","3","7.5","ug/m3 LC","31","JLG SUPERSITE","1","100.0000","88101","PM2.5 - Local Conditions","38060","Phoenix-Mesa-Scottsdale, AZ","04","Arizona","013","Maricopa","33.503833","-112.095767"
"07/14/2019","AQS","040139997","3","8","ug/m3 LC","33","JLG SUPERSITE","1","100.0000","88101","PM2.5 - Local Conditions","38060","Phoenix-Mesa-Scottsdale, AZ","04","Arizona","013","Maricopa","33.503833","-112.095767"
"07/15/2019","AQS","040139997","3","7.7","ug/m3 LC","32","JLG SUPERSITE","1","100.0000","88101","PM2.5 - Local Conditions","38060","Phoenix-Mesa-Scottsdale, AZ","04","Arizona","013","Maricopa","33.503833","-112.095767"
"07/16/2019","AQS","040139997","3","8.5","ug/m3 LC","35","JLG SUPERSITE","1","100.0000","88101","PM2.5 - Local Conditions","38060","Phoenix-Mesa-Scottsdale, AZ","04","Arizona","013","Maricopa","33.503833","-112.095767"
"07/17/2019","AQS","040139997","3","9.2","ug/m3 LC","38","JLG SUPERSITE","1","100.0000","88101","PM2.5 - Local Conditions","38060","Phoenix-Mesa-Scottsdale, AZ","04","Arizona","013","Maricopa","33.503833","-112.095767"
"07/18/2019","AQS","040139997","3","4.6","ug/m3 LC","19","JLG SUPERSITE","1","100.0000","88101","PM2.5 - Local Conditions","38060","Phoenix-Mesa-Scottsdale, AZ","04","Arizona","013","Maricopa","33.503833","-112.095767"
"07/19/2019","AQS","040139997","3","5.5","ug/m3 LC","23","JLG SUPERSITE","1","100.0000","88101","PM2.5 - Local Conditions","38060","Phoenix-Mesa-Scottsdale, AZ","04","Arizona","013","Maricopa","33.503833","-112.095767"
"07/20/2019","AQS","040139997","3","6","ug/m3 LC","25","JLG SUPERSITE","1","100.0000","88101","PM2.5 - Local Conditions","38060","Phoenix-Mesa-Scottsdale, AZ","04","Arizona","013","Maricopa","33.503833","-112.095767"
"07/21/2019","AQS","040139997","3","10.6","ug/m3 LC","44","JLG SUPERSITE","1","100.0000","88101","PM2.5 - Local Conditions","38060","Phoenix-Mesa-Scottsdale, AZ","04","Arizona","013","Maricopa","33.503833","-112.095767"
"07/22/2019","AQS","040139997","3","9.4","ug/m3 LC","39","JLG SUPERSITE","1","100.0000","88101","PM2.5 - Local Conditions","38060","Phoenix-Mesa-Scottsdale, AZ","04","Arizona","013","Maricopa","33.503833","-112.095767"
"07/23/2019","AQS","040139997","3","8.1","ug/m3 LC","34","JLG SUPERSITE","1","100.0000","88101","PM2.5 - Local Conditions","38060","Phoenix-Mesa-Scottsdale, AZ","04","Arizona","013","Maricopa","33.503833","-112.095767"
"07/24/2019","AQS","040139997","3","8.3","ug/m3 LC","35","JLG SUPERSITE","1","100.0000","88101","PM2.5 - Local Conditions","38060","Phoenix-Mesa-Scottsdale, AZ","04","Arizona","013","Maricopa","33.503833","-112.095767"
"07/25/2019","AQS","040139997","3","7.1","ug/m3 LC","30","JLG SUPERSITE","1","100.0000","88101","PM2.5 - Local Conditions","38060","Phoenix-Mesa-Scottsdale, AZ","04","Arizona","013","Maricopa","33.503833","-112.095767"
"07/26/2019","AQS","040139997","3","6.3","ug/m3 LC","26","JLG SUPERSITE","1","100.0000","88101","PM2.5 - Local Conditions","38060","Phoenix-Mesa-Scottsdale, AZ","04","Arizona","013","Maricopa","33.503833","-112.095767"
"07/27/2019","AQS","040139997","3","6.6","ug/m3 LC","28","JLG SUPERSITE","1","100.0000","88101","PM2.5 - Local Conditions","38060","Phoenix-Mesa-Scottsdale, AZ","04","Arizona","013","Maricopa","33.503833","-112.095767"
"07/28/2019","AQS","040139997","3","7.2","ug/m3 LC","30","JLG SUPERSITE","1","100.0000","88101","PM2.5 - Local Conditions","38060","Phoenix-Mesa-Scottsdale, AZ","04","Arizona","013","Maricopa","33.503833","-112.095767"
"07/29/2019","AQS","040139997","3","7.7","ug/m3 LC","32","JLG SUPERSITE","1","100.0000","88101","PM2.5 - Local Conditions","38060","Phoenix-Mesa-Scottsdale, AZ","04","Arizona","013","Maricopa","33.503833","-112.095767"
"07/30/2019","AQS","040139997","3","8.3","ug/m3 LC","35","JLG SUPERSITE","1","100.0000","88101","PM2.5 - Local Conditions","38060","Phoenix-Mesa-Scottsdale, AZ","04","Arizona","013","Maricopa","33.503833","-112.095767"
"07/31/2019","AQS","040139997","3","8.6","ug/m3 LC","36","JLG SUPERSITE","1","100.0000","88101","PM2.5 - Local Conditions","38060","Phoenix-Mesa-Scottsdale, AZ","04","Arizona","013","Maricopa","33.503833","-112.095767"
"08/01/2019","AQS","040139997","3","7","ug/m3 LC","29","JLG SUPERSITE","1","100.0000","88101","PM2.5 - Local Conditions","38060","Phoenix-Mesa-Scottsdale, AZ","04","Arizona","013","Maricopa","33.503833","-112.095767"
"08/02/2019","AQS","040139997","3","7.2","ug/m3 LC","30","JLG SUPERSITE","1","100.0000","88101","PM2.5 - Local Conditions","38060","Phoenix-Mesa-Scottsdale, AZ","04","Arizona","013","Maricopa","33.503833","-112.095767"
"08/03/2019","AQS","040139997","3","6.7","ug/m3 LC","28","JLG SUPERSITE","1","100.0000","88101","PM2.5 - Local Conditions","38060","Phoenix-Mesa-Scottsdale, AZ","04","Arizona","013","Maricopa","33.503833","-112.095767"
"08/04/2019","AQS","040139997","3","5.7","ug/m3 LC","24","JLG SUPERSITE","1","100.0000","88101","PM2.5 - Local Conditions","38060","Phoenix-Mesa-Scottsdale, AZ","04","Arizona","013","Maricopa","33.503833","-112.095767"
"08/05/2019","AQS","040139997","3","7.4","ug/m3 LC","31","JLG SUPERSITE","1","100.0000","88101","PM2.5 - Local Conditions","38060","Phoenix-Mesa-Scottsdale, AZ","04","Arizona","013","Maricopa","33.503833","-112.095767"
"08/06/2019","AQS","040139997","3","5.7","ug/m3 LC","24","JLG SUPERSITE","1","100.0000","88101","PM2.5 - Local Conditions","38060","Phoenix-Mesa-Scottsdale, AZ","04","Arizona","013","Maricopa","33.503833","-112.095767"
"08/07/2019","AQS","040139997","3","6.9","ug/m3 LC","29","JLG SUPERSITE","1","100.0000","88101","PM2.5 - Local Conditions","38060","Phoenix-Mesa-Scottsdale, AZ","04","Arizona","013","Maricopa","33.503833","-112.095767"
"08/08/2019","AQS","040139997","3","6.9","ug/m3 LC","29","JLG SUPERSITE","1","100.0000","88101","PM2.5 - Local Conditions","38060","Phoenix-Mesa-Scottsdale, AZ","04","Arizona","013","Maricopa","33.503833","-112.095767"
"08/09/2019","AQS","040139997","3","9.7","ug/m3 LC","40","JLG SUPERSITE","1","100.0000","88101","PM2.5 - Local Conditions","38060","Phoenix-Mesa-Scottsdale, AZ","04","Arizona","013","Maricopa","33.503833","-112.095767"
"08/10/2019","AQS","040139997","3","7.5","ug/m3 LC","31","JLG SUPERSITE","1","100.0000","88101","PM2.5 - Local Conditions","38060","Phoenix-Mesa-Scottsdale, AZ","04","Arizona","013","Maricopa","33.503833","-112.095767"
"08/11/2019","AQS","040139997","3","5.3","ug/m3 LC","22","JLG SUPERSITE","1","100.0000","88101","PM2.5 - Local Conditions","38060","Phoenix-Mesa-Scottsdale, AZ","04","Arizona","013","Maricopa","33.503833","-112.095767"
"08/12/2019","AQS","040139997","3","3.2","ug/m3 LC","13","JLG SUPERSITE","1","100.0000","88101","PM2.5 - Local Conditions","38060","Phoenix-Mesa-Scottsdale, AZ","04","Arizona","013","Maricopa","33.503833","-112.095767"
"08/13/2019","AQS","040139997","3","5.9","ug/m3 LC","25","JLG SUPERSITE","1","100.0000","88101","PM2.5 - Local Conditions","38060","Phoenix-Mesa-Scottsdale, AZ","04","Arizona","013","Maricopa","33.503833","-112.095767"
"08/14/2019","AQS","040139997","3","6.1","ug/m3 LC","25","JLG SUPERSITE","1","100.0000","88101","PM2.5 - Local Conditions","38060","Phoenix-Mesa-Scottsdale, AZ","04","Arizona","013","Maricopa","33.503833","-112.095767"
"08/15/2019","AQS","040139997","3","5.3","ug/m3 LC","22","JLG SUPERSITE","1","100.0000","88101","PM2.5 - Local Conditions","38060","Phoenix-Mesa-Scottsdale, AZ","04","Arizona","013","Maricopa","33.503833","-112.095767"
"08/16/2019","AQS","040139997","3","5.3","ug/m3 LC","22","JLG SUPERSITE","1","100.0000","88101","PM2.5 - Local Conditions","38060","Phoenix-Mesa-Scottsdale, AZ","04","Arizona","013","Maricopa","33.503833","-112.095767"
"08/17/2019","AQS","040139997","3","6.1","ug/m3 LC","25","JLG SUPERSITE","1","100.0000","88101","PM2.5 - Local Conditions","38060","Phoenix-Mesa-Scottsdale, AZ","04","Arizona","013","Maricopa","33.503833","-112.095767"
"08/18/2019","AQS","040139997","3","6.2","ug/m3 LC","26","JLG SUPERSITE","1","100.0000","88101","PM2.5 - Local Conditions","38060","Phoenix-Mesa-Scottsdale, AZ","04","Arizona","013","Maricopa","33.503833","-112.095767"
"08/19/2019","AQS","040139997","3","5.5","ug/m3 LC","23","JLG SUPERSITE","1","100.0000","88101","PM2.5 - Local Conditions","38060","Phoenix-Mesa-Scottsdale, AZ","04","Arizona","013","Maricopa","33.503833","-112.095767"
"08/20/2019","AQS","040139997","3","5.6","ug/m3 LC","23","JLG SUPERSITE","1","100.0000","88101","PM2.5 - Local Conditions","38060","Phoenix-Mesa-Scottsdale, AZ","04","Arizona","013","Maricopa","33.503833","-112.095767"
"08/21/2019","AQS","040139997","3","4.7","ug/m3 LC","20","JLG SUPERSITE","1","100.0000","88101","PM2.5 - Local Conditions","38060","Phoenix-Mesa-Scottsdale, AZ","04","Arizona","013","Maricopa","33.503833","-112.095767"
"08/22/2019","AQS","040139997","3","6.5","ug/m3 LC","27","JLG SUPERSITE","1","100.0000","88101","PM2.5 - Local Conditions","38060","Phoenix-Mesa-Scottsdale, AZ","04","Arizona","013","Maricopa","33.503833","-112.095767"
"08/23/2019","AQS","040139997","3","9.2","ug/m3 LC","38","JLG SUPERSITE","1","100.0000","88101","PM2.5 - Local Conditions","38060","Phoenix-Mesa-Scottsdale, AZ","04","Arizona","013","Maricopa","33.503833","-112.095767"
"08/24/2019","AQS","040139997","3","4.6","ug/m3 LC","19","JLG SUPERSITE","1","100.0000","88101","PM2.5 - Local Conditions","38060","Phoenix-Mesa-Scottsdale, AZ","04","Arizona","013","Maricopa","33.503833","-112.095767"
"08/25/2019","AQS","040139997","3","2.3","ug/m3 LC","10","JLG SUPERSITE","1","100.0000","88101","PM2.5 - Local Conditions","38060","Phoenix-Mesa-Scottsdale, AZ","04","Arizona","013","Maricopa","33.503833","-112.095767"
"08/26/2019","AQS","040139997","3","3.9","ug/m3 LC","16","JLG SUPERSITE","1","100.0000","88101","PM2.5 - Local Conditions","38060","Phoenix-Mesa-Scottsdale, AZ","04","Arizona","013","Maricopa","33.503833","-112.095767"
"08/27/2019","AQS","040139997","3","5","ug/m3 LC","21","JLG SUPERSITE","1","100.0000","88101","PM2.5 - Local Conditions","38060","Phoenix-Mesa-Scottsdale, AZ","04","Arizona","013","Maricopa","33.503833","-112.095767"
"08/28/2019","AQS","040139997","3","6.3","ug/m3 LC","26","JLG SUPERSITE","1","100.0000","88101","PM2.5 - Local Conditions","38060","Phoenix-Mesa-Scottsdale, AZ","04","Arizona","013","Maricopa","33.503833","-112.095767"
"08/29/2019","AQS","040139997","3","5.7","ug/m3 LC","24","JLG SUPERSITE","1","100.0000","88101","PM2.5 - Local Conditions","38060","Phoenix-Mesa-Scottsdale, AZ","04","Arizona","013","Maricopa","33.503833","-112.095767"
"08/30/2019","AQS","040139997","3","7.1","ug/m3 LC","30","JLG SUPERSITE","1","100.0000","88101","PM2.5 - Local Conditions","38060","Phoenix-Mesa-Scottsdale, AZ","04","Arizona","013","Maricopa","33.503833","-112.095767"
"08/31/2019","AQS","040139997","3","6.2","ug/m3 LC","26","JLG SUPERSITE","1","100.0000","88101","PM2.5 - Local Conditions","38060","Phoenix-Mesa-Scottsdale, AZ","04","Arizona","013","Maricopa","33.503833","-112.095767"
"09/01/2019","AQS","040139997","3","4.9","ug/m3 LC","20","JLG SUPERSITE","1","100.0000","88101","PM2.5 - Local Conditions","38060","Phoenix-Mesa-Scottsdale, AZ","04","Arizona","013","Maricopa","33.503833","-112.095767"
"09/02/2019","AQS","040139997","3","5.4","ug/m3 LC","23","JLG SUPERSITE","1","100.0000","88101","PM2.5 - Local Conditions","38060","Phoenix-Mesa-Scottsdale, AZ","04","Arizona","013","Maricopa","33.503833","-112.095767"
"09/03/2019","AQS","040139997","3","5.8","ug/m3 LC","24","JLG SUPERSITE","1","100.0000","88101","PM2.5 - Local Conditions","38060","Phoenix-Mesa-Scottsdale, AZ","04","Arizona","013","Maricopa","33.503833","-112.095767"
"09/04/2019","AQS","040139997","3","6.7","ug/m3 LC","28","JLG SUPERSITE","1","100.0000","88101","PM2.5 - Local Conditions","38060","Phoenix-Mesa-Scottsdale, AZ","04","Arizona","013","Maricopa","33.503833","-112.095767"
"09/05/2019","AQS","040139997","3","6.4","ug/m3 LC","27","JLG SUPERSITE","1","100.0000","88101","PM2.5 - Local Conditions","38060","Phoenix-Mesa-Scottsdale, AZ","04","Arizona","013","Maricopa","33.503833","-112.095767"
"09/06/2019","AQS","040139997","3","6.2","ug/m3 LC","26","JLG SUPERSITE","1","100.0000","88101","PM2.5 - Local Conditions","38060","Phoenix-Mesa-Scottsdale, AZ","04","Arizona","013","Maricopa","33.503833","-112.095767"
"09/07/2019","AQS","040139997","3","7.5","ug/m3 LC","31","JLG SUPERSITE","1","100.0000","88101","PM2.5 - Local Conditions","38060","Phoenix-Mesa-Scottsdale, AZ","04","Arizona","013","Maricopa","33.503833","-112.095767"
"09/08/2019","AQS","040139997","3","4.9","ug/m3 LC","20","JLG SUPERSITE","1","100.0000","88101","PM2.5 - Local Conditions","38060","Phoenix-Mesa-Scottsdale, AZ","04","Arizona","013","Maricopa","33.503833","-112.095767"
"09/09/2019","AQS","040139997","3","6.2","ug/m3 LC","26","JLG SUPERSITE","1","100.0000","88101","PM2.5 - Local Conditions","38060","Phoenix-Mesa-Scottsdale, AZ","04","Arizona","013","Maricopa","33.503833","-112.095767"
"09/10/2019","AQS","040139997","3","5.1","ug/m3 LC","21","JLG SUPERSITE","1","100.0000","88101","PM2.5 - Local Conditions","38060","Phoenix-Mesa-Scottsdale, AZ","04","Arizona","013","Maricopa","33.503833","-112.095767"
"09/11/2019","AQS","040139997","3","5.3","ug/m3 LC","22","JLG SUPERSITE","1","100.0000","88101","PM2.5 - Local Conditions","38060","Phoenix-Mesa-Scottsdale, AZ","04","Arizona","013","Maricopa","33.503833","-112.095767"
"09/12/2019","AQS","040139997","3","5.6","ug/m3 LC","23","JLG SUPERSITE","1","100.0000","88101","PM2.5 - Local Conditions","38060","Phoenix-Mesa-Scottsdale, AZ","04","Arizona","013","Maricopa","33.503833","-112.095767"
"09/13/2019","AQS","040139997","3","7.5","ug/m3 LC","31","JLG SUPERSITE","1","100.0000","88101","PM2.5 - Local Conditions","38060","Phoenix-Mesa-Scottsdale, AZ","04","Arizona","013","Maricopa","33.503833","-112.095767"
"09/14/2019","AQS","040139997","3","3.4","ug/m3 LC","14","JLG SUPERSITE","1","100.0000","88101","PM2.5 - Local Conditions","38060","Phoenix-Mesa-Scottsdale, AZ","04","Arizona","013","Maricopa","33.503833","-112.095767"
"09/15/2019","AQS","040139997","3","3.6","ug/m3 LC","15","JLG SUPERSITE","1","100.0000","88101","PM2.5 - Local Conditions","38060","Phoenix-Mesa-Scottsdale, AZ","04","Arizona","013","Maricopa","33.503833","-112.095767"
"09/16/2019","AQS","040139997","3","3.3","ug/m3 LC","14","JLG SUPERSITE","1","100.0000","88101","PM2.5 - Local Conditions","38060","Phoenix-Mesa-Scottsdale, AZ","04","Arizona","013","Maricopa","33.503833","-112.095767"
"09/17/2019","AQS","040139997","3","3.7","ug/m3 LC","15","JLG SUPERSITE","1","100.0000","88101","PM2.5 - Local Conditions","38060","Phoenix-Mesa-Scottsdale, AZ","04","Arizona","013","Maricopa","33.503833","-112.095767"
"09/18/2019","AQS","040139997","3","5.4","ug/m3 LC","23","JLG SUPERSITE","1","100.0000","88101","PM2.5 - Local Conditions","38060","Phoenix-Mesa-Scottsdale, AZ","04","Arizona","013","Maricopa","33.503833","-112.095767"
"09/19/2019","AQS","040139997","3","4.6","ug/m3 LC","19","JLG SUPERSITE","1","100.0000","88101","PM2.5 - Local Conditions","38060","Phoenix-Mesa-Scottsdale, AZ","04","Arizona","013","Maricopa","33.503833","-112.095767"
"09/20/2019","AQS","040139997","3","4","ug/m3 LC","17","JLG SUPERSITE","1","100.0000","88101","PM2.5 - Local Conditions","38060","Phoenix-Mesa-Scottsdale, AZ","04","Arizona","013","Maricopa","33.503833","-112.095767"
"09/21/2019","AQS","040139997","3","4.9","ug/m3 LC","20","JLG SUPERSITE","1","100.0000","88101","PM2.5 - Local Conditions","38060","Phoenix-Mesa-Scottsdale, AZ","04","Arizona","013","Maricopa","33.503833","-112.095767"
"09/22/2019","AQS","040139997","3","6.2","ug/m3 LC","26","JLG SUPERSITE","1","100.0000","88101","PM2.5 - Local Conditions","38060","Phoenix-Mesa-Scottsdale, AZ","04","Arizona","013","Maricopa","33.503833","-112.095767"
"09/23/2019","AQS","040139997","3","4.3","ug/m3 LC","18","JLG SUPERSITE","1","100.0000","88101","PM2.5 - Local Conditions","38060","Phoenix-Mesa-Scottsdale, AZ","04","Arizona","013","Maricopa","33.503833","-112.095767"
"09/24/2019","AQS","040139997","3","1.7","ug/m3 LC","7","JLG SUPERSITE","1","100.0000","88101","PM2.5 - Local Conditions","38060","Phoenix-Mesa-Scottsdale, AZ","04","Arizona","013","Maricopa","33.503833","-112.095767"
"09/25/2019","AQS","040139997","3","3.5","ug/m3 LC","15","JLG SUPERSITE","1","100.0000","88101","PM2.5 - Local Conditions","38060","Phoenix-Mesa-Scottsdale, AZ","04","Arizona","013","Maricopa","33.503833","-112.095767"
"09/26/2019","AQS","040139997","3","3.7","ug/m3 LC","15","JLG SUPERSITE","1","100.0000","88101","PM2.5 - Local Conditions","38060","Phoenix-Mesa-Scottsdale, AZ","04","Arizona","013","Maricopa","33.503833","-112.095767"
"09/27/2019","AQS","040139997","3","3.7","ug/m3 LC","15","JLG SUPERSITE","1","100.0000","88101","PM2.5 - Local Conditions","38060","Phoenix-Mesa-Scottsdale, AZ","04","Arizona","013","Maricopa","33.503833","-112.095767"
"09/28/2019","AQS","040139997","3","4.5","ug/m3 LC","19","JLG SUPERSITE","1","100.0000","88101","PM2.5 - Local Conditions","38060","Phoenix-Mesa-Scottsdale, AZ","04","Arizona","013","Maricopa","33.503833","-112.095767"
"09/29/2019","AQS","040139997","3","4.5","ug/m3 LC","19","JLG SUPERSITE","1","100.0000","88101","PM2.5 - Local Conditions","38060","Phoenix-Mesa-Scottsdale, AZ","04","Arizona","013","Maricopa","33.503833","-112.095767"
"09/30/2019","AQS","040139997","3","4.5","ug/m3 LC","19","JLG SUPERSITE","1","100.0000","88101","PM2.5 - Local Conditions","38060","Phoenix-Mesa-Scottsdale, AZ","04","Arizona","013","Maricopa","33.503833","-112.095767"
"10/01/2019","AQS","040139997","3","4.3","ug/m3 LC","18","JLG SUPERSITE","1","100.0000","88101","PM2.5 - Local Conditions","38060","Phoenix-Mesa-Scottsdale, AZ","04","Arizona","013","Maricopa","33.503833","-112.095767"
"10/02/2019","AQS","040139997","3","5.7","ug/m3 LC","24","JLG SUPERSITE","1","100.0000","88101","PM2.5 - Local Conditions","38060","Phoenix-Mesa-Scottsdale, AZ","04","Arizona","013","Maricopa","33.503833","-112.095767"
"10/03/2019","AQS","040139997","3","6.2","ug/m3 LC","26","JLG SUPERSITE","1","100.0000","88101","PM2.5 - Local Conditions","38060","Phoenix-Mesa-Scottsdale, AZ","04","Arizona","013","Maricopa","33.503833","-112.095767"
"10/04/2019","AQS","040139997","3","7","ug/m3 LC","29","JLG SUPERSITE","1","100.0000","88101","PM2.5 - Local Conditions","38060","Phoenix-Mesa-Scottsdale, AZ","04","Arizona","013","Maricopa","33.503833","-112.095767"
"10/05/2019","AQS","040139997","3","5.2","ug/m3 LC","22","JLG SUPERSITE","1","100.0000","88101","PM2.5 - Local Conditions","38060","Phoenix-Mesa-Scottsdale, AZ","04","Arizona","013","Maricopa","33.503833","-112.095767"
"10/06/2019","AQS","040139997","3","5.5","ug/m3 LC","23","JLG SUPERSITE","1","100.0000","88101","PM2.5 - Local Conditions","38060","Phoenix-Mesa-Scottsdale, AZ","04","Arizona","013","Maricopa","33.503833","-112.095767"
"10/07/2019","AQS","040139997","3","5.6","ug/m3 LC","23","JLG SUPERSITE","1","100.0000","88101","PM2.5 - Local Conditions","38060","Phoenix-Mesa-Scottsdale, AZ","04","Arizona","013","Maricopa","33.503833","-112.095767"
"10/08/2019","AQS","040139997","3","6.2","ug/m3 LC","26","JLG SUPERSITE","1","100.0000","88101","PM2.5 - Local Conditions","38060","Phoenix-Mesa-Scottsdale, AZ","04","Arizona","013","Maricopa","33.503833","-112.095767"
"10/09/2019","AQS","040139997","3","4.5","ug/m3 LC","19","JLG SUPERSITE","1","100.0000","88101","PM2.5 - Local Conditions","38060","Phoenix-Mesa-Scottsdale, AZ","04","Arizona","013","Maricopa","33.503833","-112.095767"
"10/10/2019","AQS","040139997","3","4.1","ug/m3 LC","17","JLG SUPERSITE","1","100.0000","88101","PM2.5 - Local Conditions","38060","Phoenix-Mesa-Scottsdale, AZ","04","Arizona","013","Maricopa","33.503833","-112.095767"
"10/11/2019","AQS","040139997","3","4.2","ug/m3 LC","18","JLG SUPERSITE","1","100.0000","88101","PM2.5 - Local Conditions","38060","Phoenix-Mesa-Scottsdale, AZ","04","Arizona","013","Maricopa","33.503833","-112.095767"
"10/12/2019","AQS","040139997","3","6.8","ug/m3 LC","28","JLG SUPERSITE","1","100.0000","88101","PM2.5 - Local Conditions","38060","Phoenix-Mesa-Scottsdale, AZ","04","Arizona","013","Maricopa","33.503833","-112.095767"
"10/13/2019","AQS","040139997","3","6.8","ug/m3 LC","28","JLG SUPERSITE","1","100.0000","88101","PM2.5 - Local Conditions","38060","Phoenix-Mesa-Scottsdale, AZ","04","Arizona","013","Maricopa","33.503833","-112.095767"
"10/14/2019","AQS","040139997","3","7.3","ug/m3 LC","30","JLG SUPERSITE","1","100.0000","88101","PM2.5 - Local Conditions","38060","Phoenix-Mesa-Scottsdale, AZ","04","Arizona","013","Maricopa","33.503833","-112.095767"
"10/15/2019","AQS","040139997","3","7.5","ug/m3 LC","31","JLG SUPERSITE","1","100.0000","88101","PM2.5 - Local Conditions","38060","Phoenix-Mesa-Scottsdale, AZ","04","Arizona","013","Maricopa","33.503833","-112.095767"
"10/16/2019","AQS","040139997","3","8","ug/m3 LC","33","JLG SUPERSITE","1","100.0000","88101","PM2.5 - Local Conditions","38060","Phoenix-Mesa-Scottsdale, AZ","04","Arizona","013","Maricopa","33.503833","-112.095767"
"10/17/2019","AQS","040139997","3","6.7","ug/m3 LC","28","JLG SUPERSITE","1","100.0000","88101","PM2.5 - Local Conditions","38060","Phoenix-Mesa-Scottsdale, AZ","04","Arizona","013","Maricopa","33.503833","-112.095767"
"10/18/2019","AQS","040139997","3","8.8","ug/m3 LC","37","JLG SUPERSITE","1","100.0000","88101","PM2.5 - Local Conditions","38060","Phoenix-Mesa-Scottsdale, AZ","04","Arizona","013","Maricopa","33.503833","-112.095767"
"10/19/2019","AQS","040139997","3","9.1","ug/m3 LC","38","JLG SUPERSITE","1","100.0000","88101","PM2.5 - Local Conditions","38060","Phoenix-Mesa-Scottsdale, AZ","04","Arizona","013","Maricopa","33.503833","-112.095767"
"10/20/2019","AQS","040139997","3","23.6","ug/m3 LC","75","JLG SUPERSITE","1","100.0000","88101","PM2.5 - Local Conditions","38060","Phoenix-Mesa-Scottsdale, AZ","04","Arizona","013","Maricopa","33.503833","-112.095767"
"10/21/2019","AQS","040139997","3","14.1","ug/m3 LC","55","JLG SUPERSITE","1","100.0000","88101","PM2.5 - Local Conditions","38060","Phoenix-Mesa-Scottsdale, AZ","04","Arizona","013","Maricopa","33.503833","-112.095767"
"10/22/2019","AQS","040139997","3","6.7","ug/m3 LC","28","JLG SUPERSITE","1","100.0000","88101","PM2.5 - Local Conditions","38060","Phoenix-Mesa-Scottsdale, AZ","04","Arizona","013","Maricopa","33.503833","-112.095767"
"10/23/2019","AQS","040139997","3","7.7","ug/m3 LC","32","JLG SUPERSITE","1","100.0000","88101","PM2.5 - Local Conditions","38060","Phoenix-Mesa-Scottsdale, AZ","04","Arizona","013","Maricopa","33.503833","-112.095767"
"10/24/2019","AQS","040139997","3","5.1","ug/m3 LC","21","JLG SUPERSITE","1","100.0000","88101","PM2.5 - Local Conditions","38060","Phoenix-Mesa-Scottsdale, AZ","04","Arizona","013","Maricopa","33.503833","-112.095767"
"10/25/2019","AQS","040139997","3","3.5","ug/m3 LC","15","JLG SUPERSITE","1","100.0000","88101","PM2.5 - Local Conditions","38060","Phoenix-Mesa-Scottsdale, AZ","04","Arizona","013","Maricopa","33.503833","-112.095767"
"10/26/2019","AQS","040139997","3","14","ug/m3 LC","55","JLG SUPERSITE","1","100.0000","88101","PM2.5 - Local Conditions","38060","Phoenix-Mesa-Scottsdale, AZ","04","Arizona","013","Maricopa","33.503833","-112.095767"
"10/27/2019","AQS","040139997","3","7.9","ug/m3 LC","33","JLG SUPERSITE","1","100.0000","88101","PM2.5 - Local Conditions","38060","Phoenix-Mesa-Scottsdale, AZ","04","Arizona","013","Maricopa","33.503833","-112.095767"
"10/28/2019","AQS","040139997","3","4.9","ug/m3 LC","20","JLG SUPERSITE","1","100.0000","88101","PM2.5 - Local Conditions","38060","Phoenix-Mesa-Scottsdale, AZ","04","Arizona","013","Maricopa","33.503833","-112.095767"
"10/29/2019","AQS","040139997","3","8.9","ug/m3 LC","37","JLG SUPERSITE","1","100.0000","88101","PM2.5 - Local Conditions","38060","Phoenix-Mesa-Scottsdale, AZ","04","Arizona","013","Maricopa","33.503833","-112.095767"
"10/30/2019","AQS","040139997","3","3.2","ug/m3 LC","13","JLG SUPERSITE","1","100.0000","88101","PM2.5 - Local Conditions","38060","Phoenix-Mesa-Scottsdale, AZ","04","Arizona","013","Maricopa","33.503833","-112.095767"
"10/31/2019","AQS","040139997","3","11.2","ug/m3 LC","47","JLG SUPERSITE","1","100.0000","88101","PM2.5 - Local Conditions","38060","Phoenix-Mesa-Scottsdale, AZ","04","Arizona","013","Maricopa","33.503833","-112.095767"
"11/01/2019","AQS","040139997","3","13.3","ug/m3 LC","54","JLG SUPERSITE","1","100.0000","88101","PM2.5 - Local Conditions","38060","Phoenix-Mesa-Scottsdale, AZ","04","Arizona","013","Maricopa","33.503833","-112.095767"
"11/02/2019","AQS","040139997","3","15.2","ug/m3 LC","58","JLG SUPERSITE","1","100.0000","88101","PM2.5 - Local Conditions","38060","Phoenix-Mesa-Scottsdale, AZ","04","Arizona","013","Maricopa","33.503833","-112.095767"
"11/03/2019","AQS","040139997","3","14.5","ug/m3 LC","56","JLG SUPERSITE","1","100.0000","88101","PM2.5 - Local Conditions","38060","Phoenix-Mesa-Scottsdale, AZ","04","Arizona","013","Maricopa","33.503833","-112.095767"
"11/04/2019","AQS","040139997","3","11.9","ug/m3 LC","50","JLG SUPERSITE","1","100.0000","88101","PM2.5 - Local Conditions","38060","Phoenix-Mesa-Scottsdale, AZ","04","Arizona","013","Maricopa","33.503833","-112.095767"
"11/05/2019","AQS","040139997","3","10.4","ug/m3 LC","43","JLG SUPERSITE","1","100.0000","88101","PM2.5 - Local Conditions","38060","Phoenix-Mesa-Scottsdale, AZ","04","Arizona","013","Maricopa","33.503833","-112.095767"
"11/06/2019","AQS","040139997","3","9.4","ug/m3 LC","39","JLG SUPERSITE","1","100.0000","88101","PM2.5 - Local Conditions","38060","Phoenix-Mesa-Scottsdale, AZ","04","Arizona","013","Maricopa","33.503833","-112.095767"
"11/07/2019","AQS","040139997","3","6","ug/m3 LC","25","JLG SUPERSITE","1","100.0000","88101","PM2.5 - Local Conditions","38060","Phoenix-Mesa-Scottsdale, AZ","04","Arizona","013","Maricopa","33.503833","-112.095767"
"11/08/2019","AQS","040139997","3","7.7","ug/m3 LC","32","JLG SUPERSITE","1","100.0000","88101","PM2.5 - Local Conditions","38060","Phoenix-Mesa-Scottsdale, AZ","04","Arizona","013","Maricopa","33.503833","-112.095767"
"11/09/2019","AQS","040139997","3","8","ug/m3 LC","33","JLG SUPERSITE","1","100.0000","88101","PM2.5 - Local Conditions","38060","Phoenix-Mesa-Scottsdale, AZ","04","Arizona","013","Maricopa","33.503833","-112.095767"
"11/10/2019","AQS","040139997","3","11.3","ug/m3 LC","47","JLG SUPERSITE","1","100.0000","88101","PM2.5 - Local Conditions","38060","Phoenix-Mesa-Scottsdale, AZ","04","Arizona","013","Maricopa","33.503833","-112.095767"
"11/11/2019","AQS","040139997","3","10.6","ug/m3 LC","44","JLG SUPERSITE","1","100.0000","88101","PM2.5 - Local Conditions","38060","Phoenix-Mesa-Scottsdale, AZ","04","Arizona","013","Maricopa","33.503833","-112.095767"
"11/12/2019","AQS","040139997","3","7.2","ug/m3 LC","30","JLG SUPERSITE","1","100.0000","88101","PM2.5 - Local Conditions","38060","Phoenix-Mesa-Scottsdale, AZ","04","Arizona","013","Maricopa","33.503833","-112.095767"
"11/13/2019","AQS","040139997","3","7.1","ug/m3 LC","30","JLG SUPERSITE","1","100.0000","88101","PM2.5 - Local Conditions","38060","Phoenix-Mesa-Scottsdale, AZ","04","Arizona","013","Maricopa","33.503833","-112.095767"
"11/14/2019","AQS","040139997","3","10","ug/m3 LC","42","JLG SUPERSITE","1","100.0000","88101","PM2.5 - Local Conditions","38060","Phoenix-Mesa-Scottsdale, AZ","04","Arizona","013","Maricopa","33.503833","-112.095767"
"11/15/2019","AQS","040139997","3","13.5","ug/m3 LC","54","JLG SUPERSITE","1","100.0000","88101","PM2.5 - Local Conditions","38060","Phoenix-Mesa-Scottsdale, AZ","04","Arizona","013","Maricopa","33.503833","-112.095767"
"11/16/2019","AQS","040139997","3","21.4","ug/m3 LC","71","JLG SUPERSITE","1","100.0000","88101","PM2.5 - Local Conditions","38060","Phoenix-Mesa-Scottsdale, AZ","04","Arizona","013","Maricopa","33.503833","-112.095767"
"11/17/2019","AQS","040139997","3","16.4","ug/m3 LC","60","JLG SUPERSITE","1","100.0000","88101","PM2.5 - Local Conditions","38060","Phoenix-Mesa-Scottsdale, AZ","04","Arizona","013","Maricopa","33.503833","-112.095767"
"11/18/2019","AQS","040139997","3","10","ug/m3 LC","42","JLG SUPERSITE","1","100.0000","88101","PM2.5 - Local Conditions","38060","Phoenix-Mesa-Scottsdale, AZ","04","Arizona","013","Maricopa","33.503833","-112.095767"
"11/19/2019","AQS","040139997","3","11.2","ug/m3 LC","47","JLG SUPERSITE","1","100.0000","88101","PM2.5 - Local Conditions","38060","Phoenix-Mesa-Scottsdale, AZ","04","Arizona","013","Maricopa","33.503833","-112.095767"
"11/20/2019","AQS","040139997","3","2.9","ug/m3 LC","12","JLG SUPERSITE","1","100.0000","88101","PM2.5 - Local Conditions","38060","Phoenix-Mesa-Scottsdale, AZ","04","Arizona","013","Maricopa","33.503833","-112.095767"
"11/21/2019","AQS","040139997","3","0.7","ug/m3 LC","3","JLG SUPERSITE","1","100.0000","88101","PM2.5 - Local Conditions","38060","Phoenix-Mesa-Scottsdale, AZ","04","Arizona","013","Maricopa","33.503833","-112.095767"
"11/22/2019","AQS","040139997","3","8.2","ug/m3 LC","34","JLG SUPERSITE","1","100.0000","88101","PM2.5 - Local Conditions","38060","Phoenix-Mesa-Scottsdale, AZ","04","Arizona","013","Maricopa","33.503833","-112.095767"
"11/23/2019","AQS","040139997","3","15.2","ug/m3 LC","58","JLG SUPERSITE","1","100.0000","88101","PM2.5 - Local Conditions","38060","Phoenix-Mesa-Scottsdale, AZ","04","Arizona","013","Maricopa","33.503833","-112.095767"
"11/24/2019","AQS","040139997","3","18.2","ug/m3 LC","64","JLG SUPERSITE","1","100.0000","88101","PM2.5 - Local Conditions","38060","Phoenix-Mesa-Scottsdale, AZ","04","Arizona","013","Maricopa","33.503833","-112.095767"
"11/25/2019","AQS","040139997","3","12.9","ug/m3 LC","53","JLG SUPERSITE","1","100.0000","88101","PM2.5 - Local Conditions","38060","Phoenix-Mesa-Scottsdale, AZ","04","Arizona","013","Maricopa","33.503833","-112.095767"
"11/26/2019","AQS","040139997","3","4","ug/m3 LC","17","JLG SUPERSITE","1","100.0000","88101","PM2.5 - Local Conditions","38060","Phoenix-Mesa-Scottsdale, AZ","04","Arizona","013","Maricopa","33.503833","-112.095767"
"11/27/2019","AQS","040139997","3","9","ug/m3 LC","38","JLG SUPERSITE","1","100.0000","88101","PM2.5 - Local Conditions","38060","Phoenix-Mesa-Scottsdale, AZ","04","Arizona","013","Maricopa","33.503833","-112.095767"
"11/28/2019","AQS","040139997","3","5.7","ug/m3 LC","24","JLG SUPERSITE","1","100.0000","88101","PM2.5 - Local Conditions","38060","Phoenix-Mesa-Scottsdale, AZ","04","Arizona","013","Maricopa","33.503833","-112.095767"
"11/29/2019","AQS","040139997","3","2.7","ug/m3 LC","11","JLG SUPERSITE","1","100.0000","88101","PM2.5 - Local Conditions","38060","Phoenix-Mesa-Scottsdale, AZ","04","Arizona","013","Maricopa","33.503833","-112.095767"
"11/30/2019","AQS","040139997","3","11","ug/m3 LC","46","JLG SUPERSITE","1","100.0000","88101","PM2.5 - Local Conditions","38060","Phoenix-Mesa-Scottsdale, AZ","04","Arizona","013","Maricopa","33.503833","-112.095767"
"12/01/2019","AQS","040139997","3","13.7","ug/m3 LC","54","JLG SUPERSITE","1","100.0000","88101","PM2.5 - Local Conditions","38060","Phoenix-Mesa-Scottsdale, AZ","04","Arizona","013","Maricopa","33.503833","-112.095767"
"12/02/2019","AQS","040139997","3","15.6","ug/m3 LC","58","JLG SUPERSITE","1","100.0000","88101","PM2.5 - Local Conditions","38060","Phoenix-Mesa-Scottsdale, AZ","04","Arizona","013","Maricopa","33.503833","-112.095767"
"12/03/2019","AQS","040139997","3","13.3","ug/m3 LC","54","JLG SUPERSITE","1","100.0000","88101","PM2.5 - Local Conditions","38060","Phoenix-Mesa-Scottsdale, AZ","04","Arizona","013","Maricopa","33.503833","-112.095767"
"12/04/2019","AQS","040139997","3","9.6","ug/m3 LC","40","JLG SUPERSITE","1","100.0000","88101","PM2.5 - Local Conditions","38060","Phoenix-Mesa-Scottsdale, AZ","04","Arizona","013","Maricopa","33.503833","-112.095767"
"12/05/2019","AQS","040139997","3","7.8","ug/m3 LC","33","JLG SUPERSITE","1","100.0000","88101","PM2.5 - Local Conditions","38060","Phoenix-Mesa-Scottsdale, AZ","04","Arizona","013","Maricopa","33.503833","-112.095767"
"12/06/2019","AQS","040139997","3","11.7","ug/m3 LC","49","JLG SUPERSITE","1","100.0000","88101","PM2.5 - Local Conditions","38060","Phoenix-Mesa-Scottsdale, AZ","04","Arizona","013","Maricopa","33.503833","-112.095767"
"12/07/2019","AQS","040139997","3","29.6","ug/m3 LC","88","JLG SUPERSITE","1","100.0000","88101","PM2.5 - Local Conditions","38060","Phoenix-Mesa-Scottsdale, AZ","04","Arizona","013","Maricopa","33.503833","-112.095767"
"12/08/2019","AQS","040139997","3","23.7","ug/m3 LC","75","JLG SUPERSITE","1","100.0000","88101","PM2.5 - Local Conditions","38060","Phoenix-Mesa-Scottsdale, AZ","04","Arizona","013","Maricopa","33.503833","-112.095767"
"12/09/2019","AirNow","040139997","3","13.4","ug/m3 LC","54","JLG SUPERSITE","1","100.0000","88101","PM2.5 - Local Conditions","38060","Phoenix-Mesa-Scottsdale, AZ","04","Arizona","013","Maricopa","33.503833","-112.095767"
"12/10/2019","AirNow","040139997","3","14.4","ug/m3 LC","56","JLG SUPERSITE","1","100.0000","88101","PM2.5 - Local Conditions","38060","Phoenix-Mesa-Scottsdale, AZ","04","Arizona","013","Maricopa","33.503833","-112.095767"
"12/11/2019","AirNow","040139997","3","15.2","ug/m3 LC","58","JLG SUPERSITE","1","100.0000","88101","PM2.5 - Local Conditions","38060","Phoenix-Mesa-Scottsdale, AZ","04","Arizona","013","Maricopa","33.503833","-112.095767"
"12/12/2019","AirNow","040139997","3","15.7","ug/m3 LC","59","JLG SUPERSITE","1","100.0000","88101","PM2.5 - Local Conditions","38060","Phoenix-Mesa-Scottsdale, AZ","04","Arizona","013","Maricopa","33.503833","-112.095767"
"12/13/2019","AirNow","040139997","3","22.3","ug/m3 LC","72","JLG SUPERSITE","1","100.0000","88101","PM2.5 - Local Conditions","38060","Phoenix-Mesa-Scottsdale, AZ","04","Arizona","013","Maricopa","33.503833","-112.095767"
"12/14/2019","AirNow","040139997","3","22.6","ug/m3 LC","73","JLG SUPERSITE","1","100.0000","88101","PM2.5 - Local Conditions","38060","Phoenix-Mesa-Scottsdale, AZ","04","Arizona","013","Maricopa","33.503833","-112.095767"
"12/15/2019","AirNow","040139997","3","15.1","ug/m3 LC","57","JLG SUPERSITE","1","100.0000","88101","PM2.5 - Local Conditions","38060","Phoenix-Mesa-Scottsdale, AZ","04","Arizona","013","Maricopa","33.503833","-112.095767"
"12/16/2019","AirNow","040139997","3","5.4","ug/m3 LC","23","JLG SUPERSITE","1","100.0000","88101","PM2.5 - Local Conditions","38060","Phoenix-Mesa-Scottsdale, AZ","04","Arizona","013","Maricopa","33.503833","-112.095767"
"12/17/2019","AirNow","040139997","3","5.4","ug/m3 LC","23","JLG SUPERSITE","1","100.0000","88101","PM2.5 - Local Conditions","38060","Phoenix-Mesa-Scottsdale, AZ","04","Arizona","013","Maricopa","33.503833","-112.095767"
"12/18/2019","AirNow","040139997","3","4.5","ug/m3 LC","19","JLG SUPERSITE","1","100.0000","88101","PM2.5 - Local Conditions","38060","Phoenix-Mesa-Scottsdale, AZ","04","Arizona","013","Maricopa","33.503833","-112.095767"
"12/19/2019","AirNow","040139997","3","16.7","ug/m3 LC","61","JLG SUPERSITE","1","100.0000","88101","PM2.5 - Local Conditions","38060","Phoenix-Mesa-Scottsdale, AZ","04","Arizona","013","Maricopa","33.503833","-112.095767"
"12/20/2019","AirNow","040139997","3","20","ug/m3 LC","68","JLG SUPERSITE","1","100.0000","88101","PM2.5 - Local Conditions","38060","Phoenix-Mesa-Scottsdale, AZ","04","Arizona","013","Maricopa","33.503833","-112.095767"
"12/21/2019","AirNow","040139997","3","25","ug/m3 LC","78","JLG SUPERSITE","1","100.0000","88101","PM2.5 - Local Conditions","38060","Phoenix-Mesa-Scottsdale, AZ","04","Arizona","013","Maricopa","33.503833","-112.095767"
"12/22/2019","AirNow","040139997","3","17.7","ug/m3 LC","63","JLG SUPERSITE","1","100.0000","88101","PM2.5 - Local Conditions","38060","Phoenix-Mesa-Scottsdale, AZ","04","Arizona","013","Maricopa","33.503833","-112.095767"
"12/23/2019","AirNow","040139997","3","8.3","ug/m3 LC","35","JLG SUPERSITE","1","100.0000","88101","PM2.5 - Local Conditions","38060","Phoenix-Mesa-Scottsdale, AZ","04","Arizona","013","Maricopa","33.503833","-112.095767"
"12/24/2019","AirNow","040139997","3","12.2","ug/m3 LC","51","JLG SUPERSITE","1","100.0000","88101","PM2.5 - Local Conditions","38060","Phoenix-Mesa-Scottsdale, AZ","04","Arizona","013","Maricopa","33.503833","-112.095767"
"12/25/2019","AirNow","040139997","3","16.1","ug/m3 LC","59","JLG SUPERSITE","1","100.0000","88101","PM2.5 - Local Conditions","38060","Phoenix-Mesa-Scottsdale, AZ","04","Arizona","013","Maricopa","33.503833","-112.095767"
"12/26/2019","AirNow","040139997","3","16.5","ug/m3 LC","60","JLG SUPERSITE","1","100.0000","88101","PM2.5 - Local Conditions","38060","Phoenix-Mesa-Scottsdale, AZ","04","Arizona","013","Maricopa","33.503833","-112.095767"
"12/27/2019","AirNow","040139997","3","8.9","ug/m3 LC","37","JLG SUPERSITE","1","100.0000","88101","PM2.5 - Local Conditions","38060","Phoenix-Mesa-Scottsdale, AZ","04","Arizona","013","Maricopa","33.503833","-112.095767"
"12/28/2019","AirNow","040139997","3","10.4","ug/m3 LC","43","JLG SUPERSITE","1","100.0000","88101","PM2.5 - Local Conditions","38060","Phoenix-Mesa-Scottsdale, AZ","04","Arizona","013","Maricopa","33.503833","-112.095767"
"12/29/2019","AirNow","040139997","3","15","ug/m3 LC","57","JLG SUPERSITE","1","100.0000","88101","PM2.5 - Local Conditions","38060","Phoenix-Mesa-Scottsdale, AZ","04","Arizona","013","Maricopa","33.503833","-112.095767"
"12/30/2019","AirNow","040139997","3","19.1","ug/m3 LC","66","JLG SUPERSITE","1","100.0000","88101","PM2.5 - Local Conditions","38060","Phoenix-Mesa-Scottsdale, AZ","04","Arizona","013","Maricopa","33.503833","-112.095767"
"12/31/2019","AirNow","040139997","3","29.3","ug/m3 LC","87","JLG SUPERSITE","1","100.0000","88101","PM2.5 - Local Conditions","38060","Phoenix-Mesa-Scottsdale, AZ","04","Arizona","013","Maricopa","33.503833","-112.095767"
